rms,peak,crest,variance,kurtosis,temp,tempRise,voltage,current,rpm,domFreq,harmScore,peakCount,powerCorr

1.0358,1.2533,1.21,0.0052,3.0199,33.25,0.0,232.79,0.4414,1435.1,99.61,0.21,1.0,1.07
1.022,1.213,1.1869,0.0032,2.4092,33.25,0.0,228.36,0.4471,1435.17,25.39,0.1,0.0,1.04
1.0097,1.1773,1.1661,0.0036,2.4309,33.31,0.06,227.9,0.4263,1432.08,97.66,0.2,0.0,1.02
1.0632,1.2773,1.2013,0.0053,2.6801,33.31,0.0,232.57,0.4572,1436.03,97.66,0.15,1.0,1.13
1.0363,1.2091,1.1668,0.0046,2.5163,33.31,0.0,228.97,0.4175,1437.06,1.95,1.0,0.0,1.07
1.034,1.2452,1.2043,0.0051,2.9486,33.31,0.0,230.69,0.4505,1436.03,1.95,1.0,1.0,1.07
1.0401,1.2364,1.1888,0.0042,2.2917,33.37,0.06,228.31,0.4473,1436.03,1.95,1.0,0.0,1.08
1.0455,1.3052,1.2484,0.0059,4.123,33.43,0.06,228.54,0.4301,1436.03,1.95,1.0,2.0,1.09
1.0617,1.2726,1.1987,0.0061,2.6546,33.43,0.0,228.41,0.4234,1436.27,27.34,0.07,3.0,1.13
1.0344,1.3228,1.2788,0.0059,3.0834,33.5,0.07,229.5,0.4519,1432.36,1.95,1.0,2.0,1.07
1.0672,1.3014,1.2194,0.0061,1.9068,40.37,0.0,230.74,0.4764,1441.68,95.7,0.23,1.0,1.14
1.0637,1.2973,1.2196,0.0057,2.6047,40.43,0.06,227.29,0.4935,1439.16,95.7,0.23,1.0,1.13
1.0526,1.2558,1.193,0.0056,2.6279,40.37,-0.06,227.48,0.4815,1440.99,95.7,0.24,1.0,1.11
1.0571,1.2537,1.186,0.006,1.7844,40.43,0.06,231.44,0.5059,1442.27,95.7,0.25,0.0,1.12
1.0628,1.2447,1.1712,0.0061,1.811,40.56,0.13,229.95,0.5029,1437.57,95.7,0.23,0.0,1.13
1.0686,1.2771,1.1951,0.0065,1.7584,40.62,0.06,228.81,0.503,1438.26,95.7,0.26,2.0,1.14
1.0693,1.278,1.1953,0.0063,1.9016,40.75,0.13,229.74,0.4681,1437.64,95.7,0.26,2.0,1.14
1.0636,1.2459,1.1714,0.0067,1.9044,40.81,0.06,228.69,0.4926,1438.5,95.7,0.24,0.0,1.13
1.0417,1.2092,1.1607,0.0055,1.9863,40.93,0.12,227.98,0.4491,1436.03,95.7,0.29,0.0,1.09
1.0468,1.2073,1.1534,0.0062,1.9757,41.0,0.07,229.0,0.4685,1436.88,97.66,0.31,0.0,1.1
1.0331,1.2309,1.1915,0.0062,1.871,43.06,0.0,228.56,0.4406,1442.48,95.7,0.23,1.0,1.07
1.0567,1.2723,1.204,0.0084,2.4744,43.12,0.06,230.12,0.4344,1439.44,95.7,0.25,1.0,1.12
1.0723,1.3236,1.2344,0.0109,2.0833,43.18,0.06,232.37,0.4275,1441.51,95.7,0.25,5.0,1.15
1.063,1.3225,1.2441,0.0083,2.0821,43.25,0.07,230.64,0.437,1435.78,95.7,0.24,4.0,1.13
1.0605,1.2953,1.2215,0.007,2.1666,43.31,0.06,229.1,0.3873,1439.23,95.7,0.22,1.0,1.12
1.0508,1.2855,1.2233,0.0068,2.2259,43.31,0.0,227.68,0.4222,1439.02,95.7,0.24,2.0,1.1
1.0406,1.2909,1.2405,0.0061,2.0102,43.37,0.06,229.75,0.4611,1437.47,52.73,0.2,3.0,1.08
1.0473,1.2221,1.167,0.0052,1.9701,43.43,0.06,229.13,0.4165,1443.52,95.7,0.21,0.0,1.1
1.0622,1.2535,1.1801,0.0064,2.3643,43.56,0.13,227.75,0.4208,1439.4,95.7,0.26,0.0,1.13
1.0508,1.2574,1.1966,0.0067,2.0967,43.62,0.06,231.59,0.4284,1437.57,95.7,0.23,2.0,1.1
1.0404,1.2396,1.1915,0.008,2.3073,45.81,0.0,230.34,0.4563,1442.72,95.7,0.3,1.0,1.08
1.0435,1.2305,1.1792,0.009,2.2981,45.87,0.06,227.5,0.4247,1438.57,95.7,0.27,0.0,1.09
0.9922,1.2541,1.264,0.0037,3.4461,46.37,0.06,230.0,0.4186,1430.24,1.95,1.0,3.0,0.98
0.9983,1.2346,1.2368,0.0045,2.1824,46.62,0.0,229.13,0.4352,1437.54,99.61,0.34,3.0,1.0
0.9892,1.2302,1.2436,0.0025,5.1278,46.81,0.06,229.44,0.4248,1441.13,1.95,1.0,3.0,0.98
1.014,1.315,1.2968,0.0093,1.5254,47.0,0.07,227.78,0.4382,1433.28,97.66,0.34,6.0,1.03
1.0319,1.2603,1.2214,0.0128,2.4725,47.31,0.06,229.91,0.4446,1436.03,95.7,0.29,3.0,1.06
1.0422,1.2632,1.212,0.0165,2.1183,47.43,0.12,228.62,0.4262,1436.03,95.7,0.3,10.0,1.09
1.0441,1.2728,1.2191,0.0162,1.9997,47.43,0.0,228.93,0.4375,1435.96,95.7,0.28,12.0,1.09
1.0474,1.2589,1.202,0.0166,2.1836,47.5,0.07,230.29,0.4434,1436.99,95.7,0.3,6.0,1.1
1.0325,1.2359,1.1971,0.0061,2.2832,49.43,0.0,233.66,0.4329,1437.33,95.7,0.2,2.0,1.07
1.0435,1.2797,1.2264,0.0072,2.8551,49.37,-0.06,230.32,0.4313,1436.58,95.7,0.2,2.0,1.09
1.0376,1.2452,1.2001,0.0079,2.3205,49.18,-0.19,229.76,0.4123,1440.23,95.7,0.22,1.0,1.08
1.0324,1.212,1.174,0.0065,2.7641,49.0,-0.18,227.39,0.4152,1436.03,95.7,0.22,0.0,1.07
1.0321,1.2146,1.1768,0.0065,2.3214,49.06,0.06,228.55,0.4134,1437.85,95.7,0.22,0.0,1.07
1.0394,1.2575,1.2098,0.0068,2.1849,49.12,0.06,230.44,0.4178,1435.82,95.7,0.22,1.0,1.08
1.0314,1.2346,1.1971,0.0072,2.2475,49.18,0.06,229.92,0.4077,1436.03,95.7,0.18,1.0,1.06
1.026,1.2407,1.2092,0.007,2.3256,49.31,0.13,230.95,0.436,1436.03,95.7,0.24,1.0,1.05
1.0187,1.239,1.2162,0.007,2.1756,49.37,0.06,229.57,0.4215,1440.23,95.7,0.22,1.0,1.04
1.0304,1.2291,1.1929,0.0069,2.4692,49.43,0.06,228.8,0.437,1434.65,95.7,0.21,1.0,1.06
1.0328,1.1973,1.1592,0.0033,1.9482,51.25,0.0,227.05,0.4734,1433.83,54.69,0.21,0.0,1.07
1.0306,1.1635,1.129,0.0035,1.7682,51.31,0.06,226.95,0.5035,1427.48,54.69,0.23,1.0,1.06
1.0436,1.3052,1.2506,0.017,2.627,48.87,0.0,232.51,0.4417,1438.23,95.7,0.25,11.0,1.09
1.0397,1.3115,1.2615,0.0178,2.7302,48.87,0.0,229.82,0.4388,1440.65,95.7,0.25,13.0,1.08
1.0372,1.289,1.2428,0.0158,2.6443,48.87,0.0,227.48,0.4678,1434.82,95.7,0.26,11.0,1.08
1.042,1.2904,1.2384,0.0168,2.7886,48.87,0.0,231.6,0.4373,1434.55,99.61,0.27,10.0,1.09
1.0351,1.2927,1.2488,0.0158,2.984,48.93,0.06,231.11,0.4598,1437.71,99.61,0.26,8.0,1.07
1.0343,1.3157,1.272,0.0159,3.0683,49.0,0.07,229.97,0.4558,1435.37,99.61,0.29,11.0,1.07
1.0394,1.3039,1.2545,0.0144,2.4543,49.0,0.0,230.34,0.4748,1436.64,99.61,0.28,9.0,1.08
1.034,1.2334,1.1929,0.0102,3.0718,49.06,0.06,230.78,0.4944,1436.03,99.61,0.33,2.0,1.07
1.0422,1.2354,1.1854,0.0103,3.4003,49.06,0.0,229.85,0.4438,1436.03,95.7,0.3,0.0,1.09
1.0372,1.2369,1.1925,0.0119,3.2995,49.12,0.06,230.88,0.4639,1438.19,95.7,0.29,2.0,1.08
1.0693,1.1619,1.0866,0.0018,1.8752,32.18,0.0,229.53,0.4666,1435.61,54.69,0.19,0.0,1.14
1.0712,1.1629,1.0855,0.0018,2.0581,32.12,-0.06,228.95,0.4344,1442.03,54.69,0.17,0.0,1.15
1.0772,1.1518,1.0693,0.0012,1.9017,32.18,0.06,233.88,0.4829,1435.34,54.69,0.21,0.0,1.16
1.0756,1.1786,1.0957,0.0022,2.003,32.31,0.13,233.89,0.4493,1436.3,97.66,0.26,0.0,1.16
1.0759,1.1969,1.1125,0.0021,2.0533,32.25,-0.06,231.81,0.4762,1437.68,99.61,0.16,0.0,1.16
1.0798,1.1749,1.0881,0.0017,2.078,32.37,0.12,230.79,0.4739,1436.03,97.66,0.18,0.0,1.17
1.0768,1.1657,1.0826,0.0015,1.9573,32.37,0.0,230.87,0.4623,1435.54,54.69,0.21,0.0,1.16
1.0716,1.1767,1.0981,0.0017,2.0635,32.43,0.06,229.09,0.4898,1446.06,54.69,0.17,0.0,1.15
1.0737,1.1722,1.0917,0.0016,2.155,32.5,0.07,232.29,0.4484,1432.22,54.69,0.13,0.0,1.15
1.0739,1.1732,1.0925,0.0016,1.914,32.5,0.0,231.47,0.4839,1432.8,99.61,0.26,0.0,1.15
1.0736,1.1906,1.109,0.0021,2.2143,32.56,0.06,231.5,0.4772,1436.03,80.08,0.19,0.0,1.15
1.0775,1.1687,1.0847,0.0017,1.9729,32.68,0.12,230.16,0.4515,1442.17,54.69,0.2,0.0,1.16
1.0753,1.1723,1.0902,0.002,2.0664,32.75,0.07,231.0,0.4458,1436.13,54.69,0.14,0.0,1.16
1.0766,1.1794,1.0954,0.0019,2.0703,32.75,0.0,231.05,0.4449,1436.03,54.69,0.18,0.0,1.16
1.0726,1.1765,1.0969,0.0018,2.0124,32.81,0.06,228.77,0.462,1443.8,50.78,0.22,0.0,1.15
1.0675,1.1805,1.1058,0.002,2.1468,32.93,0.12,233.94,0.4511,1436.03,97.66,0.23,0.0,1.14
1.078,1.177,1.0919,0.0016,2.0689,33.0,0.07,228.74,0.4291,1437.75,97.66,0.17,0.0,1.16
1.082,1.169,1.0804,0.0015,1.9905,33.0,0.0,228.93,0.4641,1438.19,54.69,0.18,0.0,1.17
1.0793,1.1841,1.0971,0.0015,2.117,33.12,0.12,231.99,0.4895,1436.95,54.69,0.2,0.0,1.16
1.0795,1.167,1.0811,0.0013,1.9795,33.18,0.06,228.19,0.4527,1452.43,54.69,0.18,0.0,1.17
1.0822,1.176,1.0867,0.0015,2.0522,33.31,0.13,233.21,0.4901,1443.97,54.69,0.15,0.0,1.17
1.0745,1.1781,1.0964,0.0024,2.1111,33.37,0.06,233.71,0.4451,1435.41,97.66,0.25,0.0,1.15
1.0771,1.1784,1.0941,0.0016,1.9716,33.43,0.06,228.88,0.4622,1437.78,50.78,0.23,0.0,1.16
1.0738,1.1873,1.1056,0.0019,2.0133,33.56,0.13,229.46,0.4455,1432.32,54.69,0.17,0.0,1.15
1.0716,1.1615,1.0839,0.0019,2.0858,33.62,0.06,233.64,0.4775,1436.03,99.61,0.22,0.0,1.15
1.0713,1.1774,1.0991,0.0019,2.2348,33.68,0.06,233.46,0.4512,1437.92,97.66,0.23,0.0,1.15
1.0721,1.1755,1.0965,0.0019,2.0463,33.81,0.13,228.48,0.4417,1444.29,99.61,0.26,0.0,1.15
1.0654,1.1724,1.1004,0.0018,2.3852,33.87,0.06,231.05,0.4519,1447.28,99.61,0.27,0.0,1.14
1.0686,1.1758,1.1003,0.0016,2.3942,34.0,0.13,229.65,0.458,1438.5,99.61,0.25,0.0,1.14
1.0678,1.1751,1.1005,0.0021,2.1045,34.06,0.06,229.65,0.4917,1435.89,99.61,0.22,0.0,1.14
1.0736,1.1829,1.1017,0.0019,1.9528,34.18,0.12,231.04,0.4728,1441.03,101.56,0.16,0.0,1.15
1.0662,1.1659,1.0936,0.0018,2.2991,34.25,0.07,231.28,0.4669,1436.03,101.56,0.24,0.0,1.14
1.0615,1.177,1.1088,0.0022,1.9774,34.37,0.12,229.21,0.462,1436.75,97.66,0.2,0.0,1.13
1.0687,1.1845,1.1084,0.0022,1.975,34.43,0.06,229.58,0.4739,1433.69,97.66,0.23,0.0,1.14
1.0698,1.1774,1.1006,0.0014,2.0406,34.56,0.13,230.56,0.4726,1435.1,50.78,0.23,0.0,1.14
1.077,1.1669,1.0834,0.0023,1.9964,34.62,0.06,229.76,0.4588,1437.4,97.66,0.22,0.0,1.16
1.0693,1.18,1.1035,0.0024,2.0339,34.75,0.13,232.41,0.484,1436.03,97.66,0.19,0.0,1.14
1.0665,1.1935,1.1191,0.0019,2.0803,34.81,0.06,230.61,0.4332,1437.23,97.66,0.16,0.0,1.14
1.0687,1.1883,1.1118,0.0028,2.2278,34.93,0.12,232.1,0.4851,1437.95,99.61,0.24,0.0,1.14
1.0659,1.1802,1.1072,0.0019,2.0123,35.06,0.13,231.05,0.4802,1433.01,54.69,0.18,0.0,1.14
1.0623,1.1828,1.1135,0.002,2.0319,35.18,0.12,228.58,0.4545,1437.5,78.12,0.16,0.0,1.13
1.0631,1.1595,1.0907,0.0019,2.125,35.25,0.07,228.82,0.4607,1436.03,99.61,0.23,0.0,1.13
1.0629,1.1814,1.1115,0.0019,2.1225,35.37,0.12,230.64,0.4572,1440.13,101.56,0.23,0.0,1.13
1.0675,1.2039,1.1277,0.0022,2.0571,35.5,0.13,227.99,0.4782,1436.03,97.66,0.22,0.0,1.14
1.0699,1.1769,1.1,0.0019,1.9936,35.62,0.12,228.78,0.4561,1439.88,99.61,0.2,0.0,1.14
1.0672,1.1772,1.1031,0.0019,2.0185,35.68,0.06,230.82,0.5011,1438.99,101.56,0.27,0.0,1.14
1.0721,1.1836,1.104,0.002,1.996,35.81,0.13,229.47,0.4738,1438.33,101.56,0.13,0.0,1.15
1.0675,1.1723,1.0981,0.0022,1.9834,35.93,0.12,234.24,0.4499,1436.03,101.56,0.17,0.0,1.14
1.0637,1.1873,1.1162,0.002,1.9023,36.06,0.13,231.42,0.4827,1436.03,97.66,0.2,0.0,1.13
1.0658,1.1727,1.1004,0.0026,1.9248,36.06,0.0,229.06,0.4826,1438.23,97.66,0.21,0.0,1.14
1.0729,1.1722,1.0926,0.002,2.0696,36.25,0.19,232.36,0.5076,1441.03,76.17,0.14,0.0,1.15
1.065,1.1839,1.1117,0.0019,2.0731,36.37,0.12,229.81,0.4597,1434.55,101.56,0.21,0.0,1.13
1.065,1.1765,1.1047,0.0022,2.0859,36.5,0.13,230.27,0.49,1437.61,97.66,0.24,0.0,1.13
1.0684,1.1582,1.084,0.0018,1.9537,36.56,0.06,233.93,0.4662,1437.61,97.66,0.22,0.0,1.14
1.0613,1.1794,1.1113,0.0019,2.3826,36.68,0.12,230.74,0.4583,1430.55,78.12,0.12,0.0,1.13
1.0598,1.1635,1.0978,0.002,2.2064,36.81,0.13,230.27,0.4635,1436.44,56.64,0.12,0.0,1.12
1.0575,1.1821,1.1179,0.0019,2.1832,36.93,0.12,229.65,0.4675,1444.11,54.69,0.17,0.0,1.12
1.0508,1.1365,1.0816,0.0016,2.3878,37.06,0.13,228.62,0.4682,1436.03,101.56,0.2,0.0,1.1
1.058,1.1591,1.0956,0.0017,1.9553,37.12,0.06,229.49,0.4711,1436.61,56.64,0.18,0.0,1.12
1.059,1.181,1.1152,0.002,2.2281,37.25,0.13,225.17,0.4601,1441.03,101.56,0.18,0.0,1.12
1.057,1.1695,1.1065,0.0018,2.3233,37.37,0.12,229.77,0.458,1443.8,56.64,0.15,0.0,1.12
1.0583,1.1728,1.1082,0.0021,2.3755,37.43,0.06,231.7,0.4594,1444.18,103.52,0.18,0.0,1.12
1.0545,1.1608,1.1008,0.0015,2.3059,37.62,0.19,229.5,0.4479,1437.47,103.52,0.19,0.0,1.11
1.0595,1.1567,1.0918,0.002,2.5009,37.68,0.06,232.58,0.4857,1438.92,103.52,0.15,0.0,1.12
1.0675,1.1842,1.1094,0.0025,2.2226,36.06,0.0,227.63,0.459,1430.92,99.61,0.21,0.0,1.14
1.07,1.1594,1.0835,0.0022,2.0675,36.06,0.0,229.21,0.4524,1425.38,101.56,0.18,0.0,1.14
1.08,1.1509,1.0657,0.0018,1.9938,36.06,0.0,231.34,0.4781,1429.05,95.7,0.17,0.0,1.17
1.063,1.182,1.112,0.0024,2.0237,36.12,0.06,231.15,0.4728,1430.51,101.56,0.19,0.0,1.13
1.0896,1.1979,1.0994,0.002,2.0539,36.12,0.0,231.05,0.4645,1431.26,95.7,0.15,0.0,1.19
1.0713,1.1824,1.1037,0.0025,1.9014,36.18,0.06,232.58,0.4908,1421.06,99.61,0.23,0.0,1.15
1.0797,1.1699,1.0836,0.002,2.0703,36.25,0.07,229.73,0.4463,1430.62,95.7,0.2,0.0,1.17
1.061,1.1838,1.1158,0.003,2.0517,36.25,0.0,227.81,0.4405,1429.32,99.61,0.22,0.0,1.13
1.0679,1.1618,1.0879,0.002,2.2185,36.31,0.06,228.74,0.4783,1424.43,54.69,0.14,0.0,1.14
1.0785,1.1984,1.1112,0.002,2.0333,36.31,0.0,228.71,0.4612,1418.64,95.7,0.16,0.0,1.16
1.0752,1.1702,1.0884,0.002,2.0124,36.31,0.0,231.9,0.4657,1430.65,25.39,0.11,0.0,1.16
1.0191,1.1693,1.1474,0.0024,2.2015,36.68,0.0,228.17,0.4716,1434.72,1.95,1.0,0.0,1.04
1.0707,1.1676,1.0905,0.0031,1.9242,32.5,0.0,229.24,0.4818,1438.23,95.7,0.23,0.0,1.15
1.092,1.1843,1.0845,0.0028,1.9575,32.5,0.0,226.4,0.4493,1442.0,95.7,0.23,0.0,1.19
1.0729,1.1827,1.1023,0.0029,2.0205,32.5,0.0,229.28,0.4482,1436.03,95.7,0.28,0.0,1.15
1.079,1.1778,1.0916,0.0032,1.9795,32.56,0.06,229.7,0.4424,1440.4,95.7,0.25,0.0,1.16
1.0829,1.1848,1.0941,0.0032,1.9265,32.62,0.06,227.69,0.4876,1435.61,95.7,0.23,0.0,1.17
1.0744,1.1852,1.1032,0.0028,2.1623,32.62,0.0,228.61,0.457,1418.37,95.7,0.26,0.0,1.15
1.0745,1.1804,1.0986,0.003,1.8837,32.68,0.06,228.67,0.4617,1433.69,95.7,0.27,0.0,1.15
1.0731,1.1783,1.0981,0.0031,1.8522,32.62,-0.06,230.21,0.4475,1394.12,95.7,0.26,0.0,1.15
1.0665,1.1863,1.1123,0.0029,1.9143,32.75,0.13,227.5,0.4621,1441.06,95.7,0.25,0.0,1.14
1.0778,1.1764,1.0915,0.0027,1.9102,32.75,0.0,230.64,0.47,1435.06,95.7,0.27,0.0,1.16
1.0655,1.1686,1.0967,0.0031,2.0114,32.81,0.06,228.4,0.491,1441.03,95.7,0.22,0.0,1.14
1.064,1.1634,1.0934,0.0034,2.0444,32.87,0.06,226.66,0.4363,1427.08,95.7,0.25,0.0,1.13
1.081,1.1897,1.1005,0.0027,1.912,32.93,0.06,227.1,0.4797,1429.22,95.7,0.28,0.0,1.17
1.0723,1.1942,1.1137,0.0034,1.949,33.0,0.07,228.53,0.4799,1430.82,95.7,0.26,0.0,1.15
1.0816,1.1858,1.0963,0.0032,1.8998,33.06,0.06,226.58,0.4628,1443.31,95.7,0.26,0.0,1.17
1.0749,1.1805,1.0982,0.0034,2.0801,33.06,0.0,227.46,0.4951,1432.15,95.7,0.25,0.0,1.16
1.0744,1.2039,1.1205,0.0034,1.9754,33.12,0.06,228.62,0.4506,1442.45,95.7,0.25,0.0,1.15
1.075,1.1817,1.0992,0.0031,2.0546,33.18,0.06,228.68,0.4577,1436.03,95.7,0.22,0.0,1.16
1.0789,1.1783,1.0922,0.0032,1.9403,33.31,0.13,229.07,0.4416,1444.18,95.7,0.27,0.0,1.16
1.0688,1.1867,1.1103,0.0033,1.9008,33.37,0.06,227.18,0.4356,1445.16,95.7,0.26,0.0,1.14
1.074,1.1747,1.0937,0.0029,2.0065,33.43,0.06,226.96,0.4701,1440.78,95.7,0.26,0.0,1.15
1.0746,1.1866,1.1042,0.0033,1.9952,33.5,0.07,230.4,0.4538,1446.52,95.7,0.25,0.0,1.15
1.0591,1.1761,1.1106,0.0033,1.9868,33.56,0.06,231.92,0.4618,1442.72,95.7,0.26,0.0,1.12
1.0723,1.168,1.0892,0.0027,1.8145,33.62,0.06,229.36,0.4404,1436.03,95.7,0.26,0.0,1.15
1.0776,1.1841,1.0988,0.0034,1.8794,33.75,0.13,231.22,0.4809,1437.99,97.66,0.3,0.0,1.16
1.0776,1.1941,1.1081,0.0035,1.9184,33.81,0.06,227.03,0.4759,1446.13,97.66,0.27,0.0,1.16
1.0684,1.1689,1.0941,0.003,1.8728,33.81,0.0,227.73,0.4332,1440.68,95.7,0.26,0.0,1.14
1.0757,1.182,1.0988,0.003,1.9457,33.93,0.12,226.87,0.4153,1435.13,95.7,0.2,0.0,1.16
1.0727,1.1764,1.0967,0.0033,1.9109,34.0,0.07,227.04,0.442,1434.24,95.7,0.28,0.0,1.15
1.0678,1.1933,1.1175,0.0034,1.7911,34.06,0.06,230.78,0.4977,1439.54,95.7,0.27,0.0,1.14
1.0605,1.1769,1.1097,0.0032,1.9008,34.18,0.12,227.36,0.4621,1429.97,95.7,0.21,0.0,1.12
1.0699,1.1573,1.0817,0.003,2.1339,34.25,0.07,227.11,0.4563,1433.11,95.7,0.26,0.0,1.14
1.069,1.1781,1.1021,0.0032,1.824,34.37,0.12,227.06,0.4527,1436.03,97.66,0.31,0.0,1.14
1.0648,1.165,1.094,0.0032,1.9956,34.43,0.06,228.74,0.428,1437.06,97.66,0.31,0.0,1.13
1.0523,1.1636,1.1058,0.0033,1.8947,34.56,0.13,227.36,0.4578,1445.61,95.7,0.22,0.0,1.11
1.0543,1.1585,1.0989,0.0032,1.8549,34.68,0.12,227.69,0.4549,1442.65,97.66,0.27,0.0,1.11
1.0587,1.1635,1.0989,0.003,1.8574,34.81,0.13,226.7,0.431,1427.35,97.66,0.19,0.0,1.12
1.072,1.1856,1.106,0.0036,1.8844,34.87,0.06,229.0,0.4522,1434.62,97.66,0.31,0.0,1.15
1.0696,1.1704,1.0942,0.0034,1.8812,35.0,0.13,228.55,0.4506,1445.47,95.7,0.26,0.0,1.14
1.067,1.1691,1.0957,0.0032,1.8023,35.12,0.12,227.73,0.4478,1443.11,97.66,0.32,0.0,1.14
1.0646,1.1778,1.1064,0.0032,1.8358,35.25,0.13,227.42,0.4232,1434.62,97.66,0.32,0.0,1.13
1.0645,1.1695,1.0987,0.003,1.985,35.31,0.06,231.38,0.4414,1432.66,97.66,0.27,0.0,1.13
1.0711,1.1877,1.1089,0.0029,1.8063,35.43,0.12,228.42,0.444,1434.82,95.7,0.25,0.0,1.15
1.0645,1.1868,1.1149,0.0028,1.8741,35.62,0.19,231.8,0.4635,1442.31,97.66,0.29,0.0,1.13
1.0663,1.1742,1.1012,0.0032,1.808,35.68,0.06,226.88,0.4575,1433.9,97.66,0.3,0.0,1.14
1.0654,1.1813,1.1088,0.0029,2.057,35.81,0.13,228.25,0.4751,1449.42,95.7,0.23,0.0,1.14
1.0711,1.1747,1.0967,0.0027,1.89,35.93,0.12,228.75,0.4552,1443.94,95.7,0.24,0.0,1.15
1.0653,1.169,1.0974,0.003,1.935,36.06,0.13,231.54,0.4703,1432.39,97.66,0.24,0.0,1.13
1.0584,1.1709,1.1063,0.0035,1.8381,36.18,0.12,227.47,0.4488,1430.55,97.66,0.23,0.0,1.12
1.0634,1.1772,1.107,0.0031,1.9516,36.31,0.13,232.43,0.5075,1442.24,95.7,0.25,0.0,1.13
1.0649,1.1595,1.0889,0.0031,1.8523,36.5,0.19,230.61,0.4933,1434.03,95.7,0.27,0.0,1.13
1.0633,1.1752,1.1053,0.0028,1.8647,36.56,0.06,226.57,0.4511,1443.0,95.7,0.28,0.0,1.13
1.063,1.1647,1.0956,0.0028,1.9904,36.75,0.19,229.73,0.4403,1435.65,95.7,0.23,0.0,1.13
1.0616,1.1774,1.1091,0.0029,1.8524,36.81,0.06,228.48,0.4925,1430.65,95.7,0.23,0.0,1.13
1.0617,1.1582,1.091,0.0026,1.8645,37.0,0.19,229.08,0.499,1436.03,95.7,0.25,0.0,1.13
1.0641,1.1644,1.0942,0.0029,1.7723,37.12,0.12,230.49,0.4693,1446.38,95.7,0.3,0.0,1.13
1.0589,1.1564,1.092,0.0029,2.0279,37.31,0.19,226.78,0.4606,1434.0,95.7,0.24,0.0,1.12
1.0625,1.1983,1.1278,0.0029,1.9697,37.37,0.06,230.31,0.4751,1432.46,95.7,0.29,0.0,1.13
1.0559,1.168,1.1061,0.0029,1.936,37.56,0.19,231.97,0.4864,1440.16,95.7,0.24,0.0,1.11
1.0597,1.1584,1.0932,0.003,1.856,37.68,0.12,228.22,0.4306,1439.23,95.7,0.2,0.0,1.12
1.0573,1.1657,1.1026,0.0028,1.9192,37.81,0.13,230.84,0.4778,1436.03,95.7,0.24,0.0,1.12
1.0567,1.1654,1.1029,0.0029,1.7736,37.93,0.12,227.37,0.4544,1430.38,95.7,0.23,0.0,1.12
1.0547,1.1625,1.1023,0.0034,1.9039,38.06,0.13,229.64,0.4589,1437.75,95.7,0.21,0.0,1.11
1.0575,1.1649,1.1016,0.0027,1.8826,38.18,0.12,228.87,0.4547,1445.64,95.7,0.24,0.0,1.12
1.0631,1.1639,1.0948,0.0026,1.8356,38.37,0.19,231.92,0.4718,1434.69,95.7,0.2,0.0,1.13
1.0562,1.1661,1.104,0.0031,1.9498,38.5,0.13,226.88,0.4236,1435.2,95.7,0.23,0.0,1.12
1.0624,1.1731,1.1042,0.0027,1.9128,38.68,0.18,228.59,0.457,1437.16,95.7,0.23,0.0,1.13
1.0519,1.1559,1.0988,0.003,1.9462,38.81,0.13,228.3,0.4618,1444.32,95.7,0.22,0.0,1.11
1.0549,1.1679,1.1071,0.0027,1.8393,39.0,0.19,231.74,0.4672,1433.25,95.7,0.25,0.0,1.11
1.0559,1.1566,1.0954,0.0034,1.9841,39.06,0.06,227.5,0.4539,1430.58,95.7,0.26,0.0,1.11
1.0563,1.1573,1.0956,0.0031,1.9148,39.18,0.12,231.9,0.4748,1439.82,95.7,0.23,0.0,1.12
1.0549,1.1456,1.086,0.0027,1.9294,39.37,0.19,229.86,0.4655,1436.03,95.7,0.23,0.0,1.11
1.0542,1.1827,1.1219,0.0034,1.7654,39.56,0.19,226.87,0.4555,1434.55,95.7,0.24,0.0,1.11
1.0584,1.1771,1.1121,0.0029,1.9335,39.62,0.06,229.08,0.4675,1436.13,95.7,0.18,0.0,1.12
1.0568,1.1716,1.1086,0.003,2.0793,39.81,0.19,227.05,0.4679,1419.85,95.7,0.23,0.0,1.12
1.0546,1.1884,1.1269,0.0031,1.8583,40.0,0.19,226.96,0.4633,1441.96,95.7,0.2,0.0,1.11
1.0558,1.1657,1.1041,0.0033,1.9538,40.12,0.12,228.28,0.4754,1433.69,95.7,0.23,0.0,1.11
1.0541,1.1644,1.1047,0.0032,2.0008,40.18,0.06,231.98,0.451,1436.03,95.7,0.24,0.0,1.11
1.0568,1.1657,1.1031,0.0028,1.8489,40.37,0.19,227.4,0.4512,1437.47,95.7,0.24,0.0,1.12
1.0522,1.1769,1.1185,0.0033,1.8429,40.5,0.13,228.98,0.4885,1436.03,95.7,0.24,0.0,1.11
1.0533,1.1686,1.1095,0.0031,1.8646,40.68,0.18,230.87,0.4656,1440.16,95.7,0.25,0.0,1.11
1.0524,1.1634,1.1055,0.0031,1.9353,40.81,0.13,230.21,0.4632,1437.92,95.7,0.2,0.0,1.11
1.0485,1.167,1.113,0.0034,1.7793,40.93,0.12,227.21,0.4514,1431.43,95.7,0.2,0.0,1.1
1.0532,1.1566,1.0981,0.0032,1.8553,41.06,0.13,226.97,0.4684,1444.84,95.7,0.25,0.0,1.11
1.045,1.1637,1.1137,0.0031,1.9241,41.18,0.12,227.13,0.4232,1440.37,95.7,0.23,0.0,1.09
1.0482,1.168,1.1143,0.0029,1.9973,41.31,0.13,230.03,0.4384,1443.45,95.7,0.22,0.0,1.1
1.0467,1.1487,1.0975,0.0034,1.9619,41.37,0.06,230.31,0.4544,1447.04,54.69,0.18,0.0,1.1
1.0565,1.1583,1.0964,0.0027,2.0283,41.56,0.19,228.65,0.4515,1437.92,95.7,0.19,0.0,1.12
1.0482,1.142,1.0895,0.0032,1.9262,41.62,0.06,229.42,0.4679,1432.63,95.7,0.2,0.0,1.1
1.0517,1.1629,1.1057,0.003,2.0602,41.75,0.13,227.78,0.4717,1435.54,101.56,0.22,0.0,1.11
1.0476,1.161,1.1083,0.0027,1.9787,41.87,0.12,228.11,0.4832,1438.09,99.61,0.25,0.0,1.1
1.0471,1.1384,1.0872,0.0029,1.9359,42.0,0.13,227.77,0.4556,1436.03,95.7,0.24,0.0,1.1
1.0508,1.1478,1.0923,0.0031,1.8218,42.18,0.18,227.52,0.4712,1440.33,95.7,0.19,0.0,1.1
1.0492,1.1519,1.0978,0.0027,1.7108,42.25,0.07,229.53,0.4669,1439.5,95.7,0.19,0.0,1.1
1.0472,1.1678,1.1152,0.0026,1.7247,42.43,0.18,227.22,0.4544,1430.0,99.61,0.23,0.0,1.1
1.0435,1.1592,1.1109,0.003,1.7384,42.56,0.13,228.66,0.4545,1444.15,101.56,0.21,0.0,1.09
1.0477,1.1571,1.1045,0.0033,1.7752,42.75,0.19,229.89,0.4775,1436.03,95.7,0.2,0.0,1.1
1.047,1.1579,1.1058,0.0029,1.8402,42.87,0.12,227.11,0.4697,1435.85,95.7,0.21,0.0,1.1
1.0421,1.1599,1.113,0.0032,1.7392,43.0,0.13,231.99,0.4652,1442.2,95.7,0.2,0.0,1.09
1.0435,1.1487,1.1008,0.0034,1.8564,43.18,0.18,230.01,0.4699,1422.24,95.7,0.2,0.0,1.09
1.0467,1.1558,1.1043,0.0032,1.8895,43.31,0.13,229.64,0.4567,1432.39,54.69,0.18,0.0,1.1
1.043,1.1579,1.1101,0.0033,1.858,43.43,0.12,231.94,0.4716,1442.13,95.7,0.22,0.0,1.09
1.0422,1.1536,1.1069,0.0026,2.0931,43.56,0.13,229.83,0.4364,1436.03,95.7,0.23,0.0,1.09
1.048,1.1614,1.1082,0.0029,1.7828,43.68,0.12,231.52,0.4958,1439.88,95.7,0.19,0.0,1.1
1.041,1.1503,1.105,0.0028,1.8588,43.87,0.19,227.92,0.4543,1432.77,54.69,0.16,0.0,1.08
1.0387,1.1311,1.0889,0.0029,1.869,43.93,0.06,231.19,0.4742,1437.92,95.7,0.22,0.0,1.08
1.0412,1.1649,1.1187,0.0033,1.8229,44.0,0.07,230.5,0.4974,1438.47,99.61,0.22,0.0,1.08
1.0491,1.1327,1.0797,0.0026,1.7919,44.18,0.18,232.64,0.4592,1438.19,95.7,0.21,0.0,1.1
1.0404,1.1621,1.117,0.0028,1.9954,44.31,0.13,228.23,0.4579,1446.45,101.56,0.17,0.0,1.08
1.0399,1.1543,1.11,0.0031,1.8483,44.37,0.06,231.31,0.4549,1427.01,95.7,0.19,0.0,1.08
1.0406,1.1392,1.0948,0.0028,1.846,44.5,0.13,230.64,0.4689,1434.07,99.61,0.19,0.0,1.08
1.0438,1.1493,1.1011,0.0028,2.0679,44.62,0.12,232.35,0.4914,1435.96,54.69,0.19,0.0,1.09
1.0431,1.1585,1.1106,0.003,1.7639,44.75,0.13,228.12,0.4603,1434.58,95.7,0.23,0.0,1.09
1.0407,1.1484,1.1035,0.0032,1.8385,44.87,0.12,232.12,0.4796,1442.65,52.73,0.21,0.0,1.08
1.0424,1.1349,1.0888,0.0028,1.701,45.0,0.13,227.7,0.5007,1441.72,95.7,0.21,0.0,1.09
1.0416,1.149,1.1031,0.003,1.8022,45.12,0.12,230.24,0.4741,1443.83,95.7,0.21,0.0,1.08
1.0412,1.1849,1.138,0.0032,1.8324,45.18,0.06,228.67,0.4623,1430.82,95.7,0.19,0.0,1.08
1.0382,1.1381,1.0963,0.0033,1.8043,45.31,0.13,227.76,0.4975,1432.05,95.7,0.22,0.0,1.08
1.0394,1.1523,1.1086,0.0032,1.8331,45.43,0.12,229.06,0.4496,1435.61,101.56,0.22,0.0,1.08
1.0372,1.1506,1.1094,0.0029,1.9625,45.56,0.13,229.0,0.4698,1444.43,95.7,0.19,0.0,1.08
1.0395,1.1572,1.1132,0.0029,2.0919,45.68,0.12,228.71,0.4377,1425.38,95.7,0.19,0.0,1.08
1.0379,1.1345,1.093,0.003,2.0064,45.75,0.07,230.19,0.4972,1439.64,95.7,0.21,0.0,1.08
1.0402,1.1998,1.1534,0.0038,2.5948,45.87,0.12,227.25,0.4557,1434.93,95.7,0.2,0.0,1.08
1.0511,1.1812,1.1238,0.0034,1.7959,46.06,0.19,228.46,0.4767,1418.27,95.7,0.25,0.0,1.1
1.0457,1.158,1.1074,0.0034,1.8522,46.18,0.12,229.22,0.5116,1434.38,95.7,0.21,0.0,1.09
1.0442,1.1649,1.1156,0.0032,1.8767,46.18,0.0,226.94,0.4595,1438.3,95.7,0.2,0.0,1.09
1.045,1.1621,1.112,0.0032,1.7449,46.37,0.19,231.8,0.4617,1444.43,95.7,0.22,0.0,1.09
1.0402,1.1329,1.0891,0.0029,1.9069,46.5,0.13,230.43,0.4723,1447.0,101.56,0.2,0.0,1.08
1.0423,1.1435,1.0971,0.0031,1.8994,46.62,0.12,227.18,0.4483,1444.88,95.7,0.2,0.0,1.09
1.0407,1.15,1.105,0.0032,1.8502,46.68,0.06,231.72,0.4684,1436.03,95.7,0.23,0.0,1.08
1.0415,1.165,1.1186,0.0033,1.6881,46.81,0.13,227.11,0.4523,1446.65,99.61,0.24,0.0,1.08
1.0363,1.1737,1.1325,0.0036,1.8406,46.87,0.06,226.75,0.4766,1442.93,95.7,0.19,0.0,1.07
1.0384,1.1507,1.1081,0.0031,1.9502,47.06,0.19,232.19,0.4551,1440.71,95.7,0.19,0.0,1.08
1.0346,1.1574,1.1187,0.0032,1.9365,47.12,0.06,228.12,0.5018,1434.86,52.73,0.17,0.0,1.07
1.0342,1.1389,1.1012,0.0031,1.6587,47.31,0.19,230.42,0.4915,1443.9,99.61,0.23,0.0,1.07
1.039,1.1362,1.0936,0.003,2.0274,47.37,0.06,232.34,0.4596,1451.62,95.7,0.2,0.0,1.08
1.0362,1.1364,1.0966,0.0032,1.8155,47.5,0.13,227.2,0.4464,1440.58,95.7,0.21,0.0,1.07
1.0389,1.1422,1.0994,0.003,1.9312,47.62,0.12,229.76,0.4626,1433.45,95.7,0.21,0.0,1.08
1.0385,1.1524,1.1097,0.0031,1.8044,47.75,0.13,231.07,0.4672,1446.58,95.7,0.19,0.0,1.08
1.0363,1.1554,1.1149,0.0033,1.828,47.87,0.12,230.54,0.453,1449.56,95.7,0.2,0.0,1.07
1.0372,1.1452,1.1041,0.0032,1.7179,48.0,0.13,227.27,0.4716,1441.61,52.73,0.21,0.0,1.08
1.036,1.1335,1.0942,0.003,1.7383,48.12,0.12,228.06,0.4585,1430.82,95.7,0.22,0.0,1.07
1.0408,1.1531,1.1079,0.0028,1.9506,48.18,0.06,230.15,0.454,1436.03,95.7,0.21,0.0,1.08
1.0351,1.1405,1.1019,0.0033,1.9723,48.31,0.13,230.21,0.4892,1449.0,95.7,0.17,0.0,1.07
1.0327,1.1501,1.1138,0.0035,1.7239,48.43,0.12,231.0,0.4774,1435.82,99.61,0.22,0.0,1.07
1.0368,1.1607,1.1196,0.0032,2.0588,48.56,0.13,228.9,0.4771,1433.97,95.7,0.2,0.0,1.07
1.0343,1.1454,1.1074,0.0032,1.8738,48.68,0.12,229.37,0.5111,1439.37,101.56,0.19,0.0,1.07
1.0376,1.1457,1.1042,0.0031,1.9062,48.81,0.13,231.84,0.4616,1431.02,95.7,0.2,0.0,1.08
1.041,1.1612,1.1155,0.003,1.8879,48.93,0.12,227.07,0.4663,1429.66,95.7,0.22,0.0,1.08
1.0356,1.1367,1.0976,0.003,1.8377,49.0,0.07,229.54,0.4549,1439.68,95.7,0.19,0.0,1.07
1.0352,1.1595,1.1201,0.0035,1.893,49.12,0.12,231.96,0.4738,1428.64,99.61,0.21,0.0,1.07
1.0376,1.1661,1.1238,0.0034,1.8103,49.31,0.19,227.3,0.4839,1444.11,54.69,0.15,0.0,1.08
1.0347,1.1641,1.1251,0.0037,2.0064,49.5,0.19,228.18,0.4565,1442.62,95.7,0.18,0.0,1.07
1.0349,1.1413,1.1028,0.0033,1.8813,49.56,0.06,227.66,0.4507,1436.3,52.73,0.16,0.0,1.07
1.0337,1.1458,1.1085,0.0033,1.7893,49.68,0.12,227.63,0.4704,1443.56,95.7,0.2,0.0,1.07
1.0398,1.1641,1.1195,0.0034,2.0754,49.75,0.07,229.6,0.4551,1437.4,95.7,0.22,0.0,1.08
1.0383,1.1562,1.1136,0.0031,1.9826,49.93,0.18,229.58,0.4769,1427.59,95.7,0.19,0.0,1.08
1.0331,1.1368,1.1004,0.0034,1.6292,50.0,0.07,230.93,0.4816,1437.19,95.7,0.21,0.0,1.07
1.0329,1.1374,1.1012,0.0029,1.9072,50.06,0.06,228.45,0.4946,1439.16,99.61,0.2,0.0,1.07
1.0321,1.1259,1.0909,0.0032,1.7122,50.18,0.12,230.3,0.4812,1430.82,95.7,0.24,0.0,1.07
1.031,1.1589,1.1241,0.0035,1.7947,50.31,0.13,228.02,0.4903,1447.14,95.7,0.22,0.0,1.06
1.0339,1.1437,1.1063,0.0034,1.7063,50.37,0.06,229.14,0.4659,1425.62,99.61,0.17,0.0,1.07
1.0395,1.1467,1.103,0.003,1.8764,50.56,0.19,227.21,0.4708,1445.05,54.69,0.19,0.0,1.08
1.035,1.1394,1.1008,0.0034,1.9359,50.62,0.06,228.34,0.4584,1438.09,95.7,0.2,0.0,1.07
1.0334,1.1428,1.1059,0.0034,2.0529,50.75,0.13,230.53,0.4876,1434.0,95.7,0.19,0.0,1.07
1.0343,1.1482,1.1102,0.003,1.9376,50.87,0.12,227.71,0.4671,1426.57,95.7,0.21,0.0,1.07
1.0319,1.1219,1.0871,0.0029,2.0859,50.93,0.06,226.91,0.4869,1426.5,54.69,0.15,0.0,1.06
1.0321,1.1223,1.0874,0.0032,1.8198,51.06,0.13,229.65,0.4695,1440.92,95.7,0.19,0.0,1.07
1.025,1.1386,1.1108,0.0033,1.8607,51.18,0.12,230.06,0.4521,1442.2,54.69,0.16,0.0,1.05
1.034,1.1357,1.0984,0.0029,1.962,51.25,0.07,230.88,0.4805,1441.86,54.69,0.2,0.0,1.07
1.035,1.1467,1.108,0.0032,1.8748,51.43,0.18,228.14,0.48,1436.03,99.61,0.19,0.0,1.07
1.0321,1.1432,1.1077,0.0033,1.7675,51.56,0.13,227.61,0.4522,1436.03,99.61,0.19,0.0,1.07
1.0322,1.1666,1.1303,0.0035,1.7949,51.68,0.12,227.2,0.4683,1436.03,99.61,0.21,0.0,1.07
1.0322,1.1567,1.1206,0.0033,1.9497,51.81,0.13,227.17,0.4488,1432.25,99.61,0.21,0.0,1.07
1.0278,1.1519,1.1208,0.0034,1.9568,51.93,0.12,227.01,0.4552,1446.06,99.61,0.2,0.0,1.06
1.0306,1.1443,1.1103,0.0033,1.9419,51.93,0.0,227.68,0.4851,1441.27,95.7,0.22,0.0,1.06
1.0317,1.1233,1.0887,0.0031,1.8224,51.93,0.0,228.64,0.4859,1430.75,99.61,0.21,0.0,1.06
1.0325,1.138,1.1022,0.0033,1.9126,52.06,0.13,227.67,0.4855,1436.03,99.61,0.22,0.0,1.07
1.0323,1.1317,1.0963,0.0031,1.9156,52.18,0.12,229.71,0.4481,1436.03,99.61,0.21,0.0,1.07
1.0277,1.1442,1.1134,0.0036,1.9354,52.31,0.13,230.88,0.456,1451.24,95.7,0.18,0.0,1.06
1.0271,1.1372,1.1072,0.0034,1.8349,52.5,0.19,228.66,0.4644,1433.25,99.61,0.19,0.0,1.05
1.0268,1.1512,1.1212,0.0025,1.9557,52.5,0.0,229.89,0.4558,1442.83,54.69,0.15,0.0,1.05
1.0258,1.1477,1.1188,0.003,1.7997,52.62,0.12,228.24,0.477,1436.68,99.61,0.19,0.0,1.05
1.0303,1.1731,1.1386,0.0038,2.0238,52.68,0.06,227.26,0.4578,1434.89,99.61,0.2,0.0,1.06
1.0273,1.1638,1.1329,0.0033,2.0718,52.75,0.07,229.07,0.4692,1440.4,95.7,0.19,0.0,1.06
1.0286,1.1474,1.1156,0.0031,1.8977,52.81,0.06,230.58,0.4734,1432.22,95.7,0.21,0.0,1.06
1.0296,1.1583,1.1249,0.0033,1.7895,52.87,0.06,231.62,0.4683,1439.3,95.7,0.21,0.0,1.06
1.0297,1.1509,1.1176,0.0033,2.0267,53.0,0.13,227.88,0.4694,1436.03,54.69,0.19,0.0,1.06
1.03,1.158,1.1242,0.0035,1.8422,53.18,0.18,227.51,0.4673,1432.8,95.7,0.2,0.0,1.06
1.0266,1.1372,1.1077,0.0033,1.8908,53.25,0.07,228.47,0.4981,1436.03,95.7,0.21,0.0,1.05
1.0228,1.1272,1.1021,0.0034,1.787,53.37,0.12,232.69,0.4832,1426.8,99.61,0.22,0.0,1.05
1.0333,1.1659,1.1283,0.0035,1.8558,53.56,0.19,230.92,0.4704,1441.27,54.69,0.16,0.0,1.07
1.0319,1.1264,1.0916,0.003,1.8641,53.62,0.06,231.06,0.4912,1437.54,99.61,0.23,0.0,1.06
1.03,1.131,1.0981,0.0037,1.7352,53.75,0.13,228.12,0.4503,1434.31,54.69,0.19,0.0,1.06
1.0302,1.1432,1.1097,0.0034,1.986,53.93,0.18,227.0,0.491,1445.47,99.61,0.2,0.0,1.06
1.0296,1.1407,1.1079,0.0036,1.7587,54.0,0.07,227.03,0.473,1440.68,54.69,0.19,0.0,1.06
1.0303,1.1473,1.1136,0.0038,1.7111,54.12,0.12,227.63,0.4839,1435.61,95.7,0.2,0.0,1.06
1.0284,1.129,1.0978,0.0036,2.0399,54.25,0.13,229.69,0.4705,1436.64,54.69,0.2,0.0,1.06
1.0318,1.1487,1.1133,0.0032,2.0286,54.31,0.06,230.36,0.4985,1433.73,54.69,0.16,0.0,1.06

1.0347,1.1647,1.1256,0.0029,1.8194,44.87,0.0,228.02,0.4196,1447.6,97.66,0.25,0.0,1.07
1.034,1.1582,1.1201,0.0025,1.8944,44.87,0.0,227.67,0.4543,1442.17,95.7,0.22,0.0,1.07
1.036,1.1666,1.126,0.0027,2.1104,44.93,0.06,232.21,0.4516,1445.68,101.56,0.19,0.0,1.07
1.033,1.1442,1.1076,0.0027,1.9931,45.0,0.07,229.64,0.4386,1444.91,95.7,0.19,0.0,1.07
1.0333,1.1398,1.103,0.002,1.7639,45.06,0.06,227.15,0.4366,1433.04,95.7,0.17,0.0,1.07
1.0328,1.1513,1.1147,0.0025,1.8955,45.12,0.06,230.41,0.4564,1433.21,95.7,0.22,0.0,1.07
1.0331,1.1488,1.112,0.0026,2.0288,45.18,0.06,228.51,0.4486,1455.15,97.66,0.22,0.0,1.07
1.0376,1.1519,1.1102,0.0028,1.9221,45.18,0.0,227.21,0.4252,1445.37,97.66,0.22,0.0,1.08
1.0316,1.1567,1.1213,0.0029,1.8596,45.31,0.13,227.39,0.4662,1439.88,97.66,0.23,0.0,1.06
1.0371,1.1571,1.1157,0.0031,1.9286,45.31,0.0,227.93,0.4282,1441.1,97.66,0.23,0.0,1.08
1.0322,1.1491,1.1132,0.003,2.025,45.43,0.12,227.24,0.4208,1440.89,97.66,0.24,0.0,1.07
1.0322,1.1447,1.109,0.0027,1.8681,45.43,0.0,229.68,0.4281,1438.16,97.66,0.23,0.0,1.07
1.0312,1.1544,1.1195,0.0023,1.9253,45.5,0.07,232.09,0.438,1441.96,97.66,0.21,0.0,1.06
1.0321,1.1668,1.1305,0.0022,2.1709,45.43,-0.07,229.5,0.4139,1439.99,97.66,0.21,0.0,1.07
1.0281,1.1311,1.1002,0.0018,1.8569,45.37,-0.06,230.12,0.4368,1440.92,95.7,0.17,0.0,1.06
1.0236,1.1257,1.0998,0.0019,1.9477,45.43,0.06,232.05,0.4408,1439.26,97.66,0.22,0.0,1.05
1.0337,1.1377,1.1006,0.0018,2.3041,45.43,0.0,229.88,0.4314,1440.47,56.64,0.17,0.0,1.07
1.0347,1.2571,1.215,0.0021,3.61,45.5,0.07,229.12,0.4269,1436.03,50.78,0.17,1.0,1.07
1.0297,1.111,1.079,0.0014,1.8008,45.62,0.12,231.76,0.4301,1441.72,52.73,0.18,0.0,1.06
1.0298,1.1413,1.1082,0.0014,1.9779,45.68,0.06,229.67,0.4694,1439.75,97.66,0.17,0.0,1.06
1.0285,1.1287,1.0974,0.0014,2.0705,45.75,0.07,227.32,0.4377,1443.04,97.66,0.14,0.0,1.06
1.0323,1.1135,1.0787,0.0014,1.9729,45.81,0.06,230.0,0.4608,1440.4,97.66,0.19,0.0,1.07
1.0282,1.1109,1.0804,0.0015,2.039,45.87,0.06,227.67,0.4234,1442.24,52.73,0.17,0.0,1.06
1.0323,1.1468,1.111,0.0017,1.934,45.93,0.06,227.85,0.4602,1438.06,52.73,0.17,0.0,1.07
1.0317,1.1197,1.0853,0.0013,2.4872,46.06,0.13,227.68,0.4342,1441.1,56.64,0.14,0.0,1.06
1.0298,1.1293,1.0966,0.0015,1.7943,46.12,0.06,230.46,0.4534,1436.09,50.78,0.21,0.0,1.06
1.0278,1.1088,1.0788,0.0014,2.2369,46.25,0.13,232.19,0.4551,1441.1,52.73,0.21,0.0,1.06
1.0309,1.1265,1.0927,0.0016,1.8389,46.31,0.06,230.47,0.4472,1440.75,50.78,0.17,0.0,1.06
1.0277,1.1097,1.0798,0.0014,2.0931,46.37,0.06,231.61,0.449,1436.03,56.64,0.15,0.0,1.06
1.0282,1.1248,1.094,0.0014,1.8412,46.43,0.06,227.29,0.4368,1439.71,56.64,0.14,0.0,1.06
1.0262,1.1221,1.0935,0.0017,2.0951,46.5,0.07,228.18,0.452,1437.81,52.73,0.22,0.0,1.05
1.0262,1.1203,1.0917,0.0015,1.9281,46.62,0.12,229.44,0.4453,1439.12,52.73,0.15,0.0,1.05
1.0254,1.1346,1.1065,0.0017,1.8892,46.68,0.06,231.2,0.4686,1435.99,50.78,0.2,0.0,1.05
1.0242,1.1067,1.0806,0.0015,1.821,46.81,0.13,229.12,0.4597,1441.93,50.78,0.19,0.0,1.05
1.0241,1.1085,1.0824,0.0013,2.3641,46.87,0.06,229.05,0.4504,1438.23,52.73,0.17,0.0,1.05
1.0252,1.1137,1.0863,0.0019,1.879,46.93,0.06,231.64,0.4547,1440.4,52.73,0.15,0.0,1.05
1.0257,1.1345,1.1062,0.002,2.1006,47.0,0.07,230.58,0.4735,1443.14,97.66,0.21,0.0,1.05
1.0286,1.1385,1.1069,0.0021,1.908,47.06,0.06,229.08,0.4363,1440.92,97.66,0.2,0.0,1.06
1.0288,1.1266,1.0951,0.002,1.8389,47.12,0.06,232.63,0.4598,1439.5,95.7,0.16,0.0,1.06
1.0278,1.1379,1.1072,0.0021,2.1301,47.18,0.06,229.92,0.4488,1441.1,97.66,0.21,0.0,1.06
1.0244,1.1388,1.1117,0.0023,1.9716,47.25,0.07,230.01,0.4428,1440.99,97.66,0.22,0.0,1.05
1.0284,1.1148,1.084,0.002,2.1427,47.31,0.06,231.91,0.4671,1439.57,97.66,0.19,0.0,1.06
1.0266,1.1364,1.1069,0.0026,1.8374,47.37,0.06,230.41,0.4357,1441.58,95.7,0.21,0.0,1.05
1.0267,1.134,1.1045,0.0024,1.7862,47.37,0.0,227.11,0.4262,1441.2,97.66,0.22,0.0,1.05
1.0261,1.1444,1.1153,0.0024,1.7735,47.43,0.06,230.82,0.4664,1441.79,95.7,0.19,0.0,1.05
1.0254,1.1321,1.104,0.0024,1.7198,47.43,0.0,227.29,0.4619,1436.03,95.7,0.2,0.0,1.05
1.027,1.1219,1.0924,0.0025,1.8697,47.5,0.07,227.2,0.4393,1439.85,95.7,0.18,0.0,1.05
1.0253,1.139,1.1109,0.0027,1.8898,47.62,0.12,232.29,0.4412,1440.16,95.7,0.2,0.0,1.05
1.0188,1.1266,1.1058,0.0025,1.7457,47.68,0.06,227.32,0.4339,1436.03,97.66,0.26,0.0,1.04
1.0188,1.1324,1.1115,0.0025,1.806,47.68,0.0,230.3,0.4737,1440.92,95.7,0.17,0.0,1.04
1.0209,1.132,1.1088,0.0029,1.9621,47.87,0.19,230.42,0.4522,1441.13,95.7,0.21,0.0,1.04
1.0188,1.144,1.1228,0.0025,2.0445,48.0,0.13,231.72,0.4679,1440.75,97.66,0.27,0.0,1.04
1.0191,1.1221,1.1011,0.0026,2.0596,48.06,0.06,227.48,0.4107,1441.75,97.66,0.24,0.0,1.04
1.0112,1.1255,1.113,0.0021,1.9097,48.25,0.19,231.03,0.4526,1436.03,97.66,0.25,0.0,1.02
1.0178,1.1241,1.1044,0.0024,2.0088,48.37,0.12,228.09,0.4536,1436.03,95.7,0.19,0.0,1.04
1.0144,1.1438,1.1275,0.0031,1.8612,48.5,0.13,229.87,0.4597,1443.45,97.66,0.22,0.0,1.03
1.0211,1.1337,1.1102,0.0024,1.7881,48.62,0.12,228.6,0.4271,1438.61,97.66,0.21,0.0,1.04
1.0164,1.1334,1.1151,0.0027,1.8703,48.68,0.06,228.31,0.4206,1441.93,97.66,0.22,0.0,1.03
1.0227,1.1393,1.114,0.0029,1.8117,48.75,0.07,227.77,0.4381,1442.69,95.7,0.24,0.0,1.05
1.0252,1.1448,1.1167,0.0031,1.8893,48.75,0.0,230.29,0.4476,1436.03,95.7,0.24,0.0,1.05
1.0166,1.1376,1.119,0.003,1.8607,48.93,0.18,227.99,0.4482,1441.55,97.66,0.26,0.0,1.03
1.0171,1.1277,1.1088,0.0027,1.906,49.0,0.07,232.31,0.4515,1439.16,97.66,0.25,0.0,1.03
1.0187,1.1346,1.1138,0.0025,1.8914,49.06,0.06,230.75,0.4316,1439.16,95.7,0.2,0.0,1.04
1.0185,1.1379,1.1171,0.0024,1.793,49.18,0.12,223.61,0.435,1436.03,95.7,0.22,0.0,1.04
1.0203,1.1111,1.089,0.0021,1.8751,49.31,0.13,230.21,0.4355,1436.03,56.64,0.18,0.0,1.04
1.0191,1.1077,1.087,0.0015,1.9493,49.37,0.06,228.71,0.4483,1436.03,50.78,0.17,0.0,1.04
1.0142,1.0963,1.081,0.0016,2.1332,49.43,0.06,229.26,0.4461,1440.3,52.73,0.2,0.0,1.03
1.0187,1.0995,1.0793,0.0017,1.8169,49.5,0.07,231.08,0.4384,1438.57,39.06,0.08,0.0,1.04
1.0186,1.1289,1.1083,0.0013,1.8562,49.56,0.06,227.99,0.4191,1442.41,50.78,0.16,0.0,1.04
1.0181,1.0995,1.0799,0.0016,1.8143,49.68,0.12,229.54,0.4334,1440.82,52.73,0.17,0.0,1.04
1.0193,1.1171,1.0959,0.0016,1.7942,49.81,0.13,231.81,0.4508,1439.92,52.73,0.16,0.0,1.04
1.0143,1.1087,1.0931,0.0015,1.7117,49.93,0.12,226.01,0.4318,1441.65,52.73,0.14,0.0,1.03
1.0152,1.0965,1.0801,0.0014,2.0113,50.12,0.19,231.17,0.4765,1440.02,95.7,0.14,0.0,1.03
1.0171,1.0911,1.0728,0.0013,2.0017,50.18,0.06,227.94,0.4455,1441.27,95.7,0.19,0.0,1.03
1.0218,1.1014,1.078,0.0015,2.2633,50.25,0.07,231.75,0.4619,1440.54,52.73,0.21,0.0,1.04
1.0199,1.1077,1.0861,0.0015,2.1683,50.25,0.0,227.19,0.4319,1438.61,52.73,0.18,0.0,1.04
1.0215,1.1097,1.0863,0.0014,1.9148,50.31,0.06,230.72,0.4413,1440.4,50.78,0.2,0.0,1.04
1.0229,1.1092,1.0843,0.0017,1.8353,50.37,0.06,228.12,0.4326,1437.95,52.73,0.18,0.0,1.05
1.0225,1.1161,1.0916,0.0016,2.0376,50.56,0.19,231.8,0.4372,1438.5,52.73,0.18,0.0,1.05
1.021,1.1189,1.0959,0.0016,1.9347,50.68,0.12,228.54,0.4799,1441.3,52.73,0.19,0.0,1.04
1.0245,1.136,1.1087,0.0021,1.9085,50.75,0.07,232.24,0.4478,1440.71,95.7,0.17,0.0,1.05
1.0212,1.1049,1.082,0.0015,1.9787,50.87,0.12,227.15,0.443,1441.75,56.64,0.19,0.0,1.04
1.0186,1.1018,1.0817,0.0017,1.8736,51.0,0.13,227.27,0.4358,1442.2,52.73,0.21,0.0,1.04
1.0194,1.1271,1.1056,0.0024,1.8899,51.18,0.18,230.12,0.4623,1438.99,95.7,0.21,0.0,1.04
1.0216,1.1193,1.0957,0.0021,1.9307,51.31,0.13,227.17,0.4751,1439.4,56.64,0.15,0.0,1.04
1.0247,1.1221,1.095,0.0019,1.9235,51.37,0.06,231.98,0.4628,1439.37,50.78,0.19,0.0,1.05
1.0157,1.1096,1.0925,0.0018,2.0846,51.5,0.13,230.46,0.439,1438.57,95.7,0.15,0.0,1.03
1.0235,1.1301,1.1041,0.0022,2.1135,51.62,0.12,226.85,0.4315,1439.37,52.73,0.14,0.0,1.05
1.0254,1.1676,1.1387,0.0026,1.9936,51.62,0.0,230.49,0.4364,1441.16,50.78,0.16,0.0,1.05
1.0281,1.1311,1.1002,0.0021,2.0876,51.75,0.13,227.19,0.4571,1438.68,50.78,0.19,0.0,1.06
1.0264,1.1319,1.1028,0.0023,1.9778,51.87,0.12,227.38,0.4295,1442.48,52.73,0.18,0.0,1.05
1.0304,1.1292,1.0959,0.0021,1.9932,51.93,0.06,232.34,0.456,1436.03,56.64,0.17,0.0,1.06
1.0275,1.1298,1.0996,0.0021,2.1609,52.06,0.13,227.29,0.4406,1437.85,56.64,0.15,0.0,1.06
1.0303,1.1261,1.093,0.0024,1.9549,52.12,0.06,230.48,0.4578,1442.9,50.78,0.2,0.0,1.06
1.029,1.1371,1.105,0.0022,1.8355,52.18,0.06,232.07,0.4656,1439.37,52.73,0.15,0.0,1.06
1.0268,1.1247,1.0953,0.002,1.7631,52.18,0.0,227.9,0.4358,1439.92,50.78,0.2,0.0,1.05
1.0264,1.1267,1.0977,0.0021,1.8673,52.25,0.07,231.5,0.4435,1443.66,56.64,0.18,0.0,1.05
1.0257,1.129,1.1008,0.0021,1.7827,52.31,0.06,231.54,0.4714,1441.06,50.78,0.22,0.0,1.05
1.0301,1.1349,1.1018,0.0023,1.7317,52.37,0.06,230.25,0.4408,1439.4,50.78,0.19,0.0,1.06
1.0317,1.1351,1.1002,0.0024,1.9435,52.37,0.0,228.35,0.4522,1442.41,50.78,0.18,0.0,1.06
1.029,1.1393,1.1072,0.0021,1.914,52.5,0.13,227.49,0.4472,1442.69,97.66,0.14,0.0,1.06
1.0269,1.128,1.0985,0.002,2.0273,52.62,0.12,230.3,0.474,1442.55,97.66,0.2,0.0,1.05
1.0295,1.1377,1.1052,0.002,1.9779,52.68,0.06,230.29,0.447,1444.32,52.73,0.22,0.0,1.06
1.0322,1.1405,1.1049,0.0024,1.8472,52.75,0.07,230.13,0.4553,1436.03,50.78,0.17,0.0,1.07
1.0203,1.1148,1.0927,0.0018,1.8333,52.75,0.0,227.47,0.4655,1441.06,97.66,0.15,0.0,1.04
1.0167,1.1324,1.1137,0.0019,2.0608,52.81,0.06,229.56,0.445,1442.76,56.64,0.16,0.0,1.03
1.0235,1.1414,1.1152,0.0023,1.9495,53.0,0.19,227.83,0.4402,1442.2,95.7,0.15,0.0,1.05
1.0306,1.1506,1.1164,0.0023,1.983,53.18,0.18,229.06,0.4591,1439.68,95.7,0.2,0.0,1.06
1.0443,1.1604,1.1111,0.003,1.7237,53.37,0.19,232.8,0.4731,1440.2,56.64,0.15,0.0,1.09
1.0469,1.1675,1.1151,0.0031,1.7637,53.56,0.19,230.8,0.4443,1442.41,52.73,0.22,0.0,1.1
1.046,1.1535,1.1029,0.003,1.7612,53.75,0.19,232.66,0.4585,1441.37,52.73,0.19,0.0,1.09
1.0442,1.1481,1.0995,0.0028,1.7062,53.87,0.12,226.54,0.4185,1438.81,97.66,0.17,0.0,1.09
1.0448,1.1626,1.1127,0.0033,1.8315,54.06,0.19,228.49,0.4175,1453.24,50.78,0.2,0.0,1.09
1.0527,1.1964,1.1365,0.0039,1.9208,54.12,0.06,228.96,0.4441,1441.27,52.73,0.21,0.0,1.11
1.0471,1.1995,1.1456,0.003,1.8487,54.25,0.13,231.48,0.4652,1437.09,95.7,0.17,0.0,1.1
1.0273,1.1304,1.1003,0.0019,1.8956,54.43,0.18,229.9,0.4464,1441.2,95.7,0.18,0.0,1.06
1.0397,1.1789,1.134,0.0023,2.0815,54.62,0.19,228.12,0.4537,1442.59,95.7,0.19,0.0,1.08
1.0415,1.1415,1.096,0.0025,1.8433,54.81,0.19,227.91,0.4467,1431.64,97.66,0.2,0.0,1.08
1.0409,1.1936,1.1467,0.0022,1.9347,54.93,0.12,228.33,0.4586,1442.72,52.73,0.16,0.0,1.08
1.0421,1.1707,1.1233,0.0028,1.9371,55.06,0.13,225.87,0.4488,1442.65,97.66,0.23,0.0,1.09
1.0625,1.1986,1.1281,0.0033,1.7425,55.12,0.06,227.71,0.4445,1440.99,97.66,0.18,0.0,1.13
1.0661,1.2145,1.1391,0.0037,1.7487,55.18,0.06,229.11,0.4777,1442.76,97.66,0.22,0.0,1.14
1.074,1.2302,1.1455,0.0042,1.7203,55.18,0.0,232.24,0.4481,1442.93,97.66,0.2,0.0,1.15
1.0742,1.2286,1.1438,0.005,1.84,55.31,0.13,229.64,0.4291,1441.23,97.66,0.18,0.0,1.15
1.0696,1.2305,1.1504,0.0043,1.8914,55.31,0.0,228.01,0.4247,1442.41,97.66,0.17,0.0,1.14
1.0602,1.2113,1.1426,0.0034,1.9217,55.31,0.0,227.87,0.4644,1444.95,97.66,0.19,0.0,1.12
1.0626,1.2117,1.1404,0.0035,1.7893,55.37,0.06,232.59,0.4447,1440.51,50.78,0.2,0.0,1.13
1.0424,1.1787,1.1308,0.0021,1.8851,55.56,0.19,228.64,0.4581,1439.44,97.66,0.21,0.0,1.09
1.0323,1.1548,1.1187,0.0022,1.7106,55.68,0.12,230.22,0.4502,1442.34,97.66,0.2,0.0,1.07
1.0369,1.1531,1.1121,0.0022,2.1952,55.75,0.07,228.63,0.4145,1440.78,97.66,0.17,0.0,1.08
1.0476,1.2001,1.1456,0.0034,1.6809,55.81,0.06,227.72,0.414,1441.13,97.66,0.21,0.0,1.1
1.0503,1.2104,1.1524,0.004,1.8816,55.87,0.06,228.16,0.4663,1442.31,97.66,0.22,0.0,1.1
1.0517,1.2037,1.1445,0.0049,1.8708,55.87,0.0,227.33,0.4137,1441.93,56.64,0.18,0.0,1.11
1.0477,1.2163,1.1609,0.0039,1.9497,56.0,0.13,229.13,0.4431,1442.1,95.7,0.19,0.0,1.1
1.0445,1.1686,1.1189,0.0024,1.9213,56.12,0.12,230.33,0.4317,1442.17,95.7,0.17,0.0,1.09
1.0328,1.1447,1.1083,0.0021,2.178,56.25,0.13,228.35,0.444,1443.31,97.66,0.19,0.0,1.07
1.0345,1.1276,1.0899,0.0019,1.9906,56.31,0.06,230.36,0.4426,1443.63,97.66,0.2,0.0,1.07
1.0453,1.1697,1.119,0.0029,1.9412,56.31,0.0,230.29,0.4462,1441.1,97.66,0.18,0.0,1.09
1.0184,1.1203,1.1001,0.0016,1.9385,56.25,-0.06,232.69,0.4587,1443.11,95.7,0.17,0.0,1.04
1.0119,1.1161,1.103,0.0017,2.3436,56.25,0.0,227.72,0.438,1436.03,95.7,0.15,0.0,1.02
1.0138,1.1137,1.0986,0.0018,2.2132,56.18,-0.07,228.1,0.4379,1441.37,97.66,0.19,0.0,1.03
1.0268,1.1128,1.0838,0.0019,2.2095,56.18,0.0,230.35,0.4915,1440.51,56.64,0.14,0.0,1.05
1.033,1.159,1.122,0.0019,2.0404,56.25,0.07,230.02,0.4692,1442.41,95.7,0.17,0.0,1.07
1.0437,1.1727,1.1235,0.0024,1.9793,56.31,0.06,227.62,0.4456,1436.03,56.64,0.14,0.0,1.09
1.0274,1.128,1.0978,0.002,1.9698,56.31,0.0,227.61,0.4635,1439.16,56.64,0.19,0.0,1.06
1.0122,1.1177,1.1043,0.0016,2.2225,56.25,-0.06,227.45,0.4127,1441.41,97.66,0.15,0.0,1.02
1.022,1.1322,1.1079,0.0018,2.1967,56.31,0.06,227.51,0.4538,1441.58,95.7,0.16,0.0,1.04
1.0289,1.1156,1.0843,0.0017,1.95,56.5,0.19,229.47,0.4379,1440.54,50.78,0.18,0.0,1.06
1.0219,1.112,1.0881,0.0014,1.8475,56.68,0.18,229.29,0.4402,1439.47,21.48,0.1,0.0,1.04
1.0177,1.0987,1.0796,0.0014,1.8746,56.75,0.07,227.86,0.4465,1441.61,21.48,0.12,0.0,1.04
1.0133,1.083,1.0687,0.0011,2.1774,56.93,0.18,227.36,0.4485,1440.27,62.5,0.12,0.0,1.03
1.0135,1.1018,1.0871,0.0012,2.4511,57.12,0.19,227.89,0.4336,1436.03,97.66,0.2,0.0,1.03
1.01,1.1011,1.0902,0.0014,2.0004,57.37,0.25,227.8,0.4341,1441.58,42.97,0.14,0.0,1.02
1.0096,1.0775,1.0672,0.0012,2.1075,57.56,0.19,228.99,0.4744,1441.86,95.7,0.16,0.0,1.02
1.0255,1.1436,1.1151,0.0015,2.015,57.81,0.25,227.82,0.4655,1441.48,52.73,0.18,0.0,1.05
1.0363,1.1204,1.0812,0.002,2.0213,58.06,0.25,227.89,0.4449,1440.71,97.66,0.16,0.0,1.07
1.0366,1.1369,1.0968,0.0022,1.9281,58.31,0.25,230.66,0.4474,1440.85,50.78,0.16,0.0,1.07
1.0345,1.1214,1.084,0.0019,1.9184,58.37,0.06,231.29,0.4796,1440.51,54.69,0.18,0.0,1.07
1.031,1.1466,1.1122,0.0023,1.8523,58.56,0.19,232.4,0.4378,1440.33,52.73,0.2,0.0,1.06
1.036,1.1457,1.106,0.0026,1.9727,58.68,0.12,229.74,0.4323,1439.37,54.69,0.17,0.0,1.07
1.0328,1.1261,1.0904,0.0027,1.9093,59.0,0.32,227.55,0.4494,1444.01,54.69,0.17,0.0,1.07
1.0286,1.1279,1.0965,0.0025,2.0253,59.06,0.06,228.26,0.4639,1440.13,54.69,0.18,0.0,1.06
1.0327,1.1425,1.1063,0.0024,1.8998,59.18,0.12,227.31,0.4494,1442.2,56.64,0.14,0.0,1.07
1.0349,1.1466,1.108,0.0023,2.1633,59.31,0.13,229.31,0.4474,1436.03,56.64,0.15,0.0,1.07
1.0305,1.166,1.1314,0.0021,2.0328,59.43,0.12,232.53,0.4554,1443.49,56.64,0.17,0.0,1.06
1.0263,1.1454,1.116,0.0023,1.8507,59.5,0.07,228.8,0.4315,1441.06,54.69,0.13,0.0,1.05
1.0282,1.1186,1.088,0.0022,1.8024,59.62,0.12,230.09,0.4276,1441.41,50.78,0.17,0.0,1.06
1.0235,1.1403,1.1141,0.0023,1.9556,59.75,0.13,227.78,0.4492,1443.11,56.64,0.2,0.0,1.05
1.0271,1.1346,1.1046,0.0024,1.9301,59.87,0.12,230.28,0.4481,1443.45,56.64,0.2,0.0,1.06
1.0263,1.1409,1.1116,0.0021,1.9719,59.93,0.06,230.86,0.4729,1441.06,50.78,0.19,0.0,1.05
1.0211,1.1367,1.1132,0.0023,1.8818,60.12,0.19,229.01,0.4602,1441.55,52.73,0.21,0.0,1.04
1.024,1.1334,1.1068,0.0027,1.8821,60.31,0.19,231.28,0.4535,1442.2,50.78,0.22,0.0,1.05
1.0258,1.1369,1.1083,0.0025,1.8968,60.43,0.12,230.81,0.4569,1442.1,56.64,0.14,0.0,1.05
1.0201,1.1226,1.1005,0.0025,1.926,60.5,0.07,229.37,0.4492,1438.06,56.64,0.13,0.0,1.04
1.0266,1.1307,1.1014,0.0024,1.9717,60.62,0.12,232.24,0.4567,1443.35,50.78,0.21,0.0,1.05
1.0196,1.1268,1.1052,0.0027,1.8088,60.75,0.13,230.71,0.4494,1443.83,50.78,0.19,0.0,1.04
1.0198,1.127,1.1051,0.0026,1.8324,60.81,0.06,228.51,0.4429,1442.34,50.78,0.18,0.0,1.04
1.0187,1.1345,1.1137,0.0023,2.0144,60.93,0.12,231.17,0.4686,1442.03,56.64,0.16,0.0,1.04
1.021,1.1232,1.1001,0.0032,1.9918,61.0,0.07,227.6,0.4657,1436.03,97.66,0.16,0.0,1.04
1.0133,1.1449,1.1299,0.0027,1.8179,61.12,0.12,229.19,0.4558,1442.83,97.66,0.17,0.0,1.03
1.0072,1.1316,1.1236,0.0022,2.1473,61.31,0.19,232.58,0.4713,1436.03,97.66,0.17,0.0,1.01
0.9967,1.0971,1.1007,0.0019,1.875,61.37,0.06,229.76,0.4834,1436.03,97.66,0.13,0.0,0.99
1.0003,1.1058,1.1054,0.0024,1.7578,61.56,0.19,230.75,0.4594,1443.77,50.78,0.2,0.0,1.0
1.0006,1.102,1.1014,0.0021,1.8274,61.75,0.19,230.93,0.4468,1443.63,48.83,0.29,0.0,1.0
1.0059,1.1076,1.1011,0.0026,2.0239,61.87,0.12,228.34,0.4484,1440.78,97.66,0.17,0.0,1.01
0.9991,1.1077,1.1087,0.0025,1.9638,62.0,0.13,231.07,0.464,1441.27,97.66,0.18,0.0,1.0
0.9985,1.1198,1.1215,0.0024,1.9125,62.18,0.18,230.44,0.4539,1436.03,95.7,0.19,0.0,1.0
1.0062,1.1165,1.1096,0.0023,1.705,62.31,0.13,228.15,0.4233,1444.39,56.64,0.21,0.0,1.01
1.0051,1.1052,1.0996,0.0022,1.912,62.43,0.12,227.39,0.461,1443.59,50.78,0.21,0.0,1.01
1.0019,1.1136,1.1115,0.0021,1.8952,62.5,0.07,231.87,0.4548,1439.4,56.64,0.16,0.0,1.0
1.0024,1.1228,1.1201,0.0023,1.9433,62.68,0.18,228.62,0.4459,1441.75,50.78,0.2,0.0,1.0
1.0024,1.0976,1.0949,0.0023,1.7873,62.87,0.19,227.4,0.4673,1444.39,97.66,0.18,0.0,1.0
1.0007,1.107,1.1062,0.0021,1.8721,63.0,0.13,227.64,0.4451,1442.41,56.64,0.19,0.0,1.0
1.0041,1.1105,1.106,0.0023,1.916,63.12,0.12,228.32,0.4566,1442.93,97.66,0.19,0.0,1.01
1.0084,1.1437,1.1342,0.0029,1.9037,63.25,0.13,229.11,0.4423,1441.82,52.73,0.21,0.0,1.02
1.0028,1.1102,1.1071,0.0026,1.5584,63.37,0.12,227.79,0.4475,1442.86,97.66,0.17,0.0,1.01
0.9995,1.1184,1.119,0.0023,1.9989,63.56,0.19,232.24,0.4705,1441.68,50.78,0.19,0.0,1.0
1.0022,1.1109,1.1084,0.0023,1.9613,63.62,0.06,229.02,0.4504,1443.49,56.64,0.19,0.0,1.0
1.0012,1.1074,1.1062,0.0022,1.8275,63.81,0.19,227.61,0.4737,1441.89,95.7,0.16,0.0,1.0
1.0085,1.1285,1.119,0.0023,1.8965,63.87,0.06,227.65,0.4646,1444.08,50.78,0.24,0.0,1.02
1.0772,1.2471,1.1577,0.0102,1.7091,51.62,0.0,231.0,0.4527,1437.57,52.73,0.21,0.0,1.16
1.0746,1.2543,1.1672,0.0098,1.8918,51.5,-0.12,228.9,0.4519,1439.23,95.7,0.19,0.0,1.15
1.0803,1.2371,1.1452,0.0095,1.7714,51.31,-0.19,229.98,0.4481,1440.13,95.7,0.21,0.0,1.17
1.088,1.2414,1.1409,0.0078,1.8517,51.18,-0.13,231.14,0.4822,1440.65,50.78,0.19,0.0,1.18
1.0865,1.2594,1.1591,0.0078,1.8816,50.93,-0.25,230.59,0.5078,1439.85,52.73,0.21,0.0,1.18
1.0855,1.2657,1.166,0.0089,1.8221,50.87,-0.06,229.66,0.4428,1443.21,50.78,0.18,0.0,1.18
1.0903,1.2501,1.1466,0.0103,1.7749,50.87,0.0,230.51,0.4663,1440.23,50.78,0.17,0.0,1.19
1.0897,1.244,1.1416,0.0092,1.7887,50.93,0.06,229.22,0.4767,1438.75,50.78,0.21,0.0,1.19
1.0891,1.2164,1.1169,0.0092,1.7998,51.0,0.07,228.64,0.459,1440.61,52.73,0.2,0.0,1.19
1.0879,1.2317,1.1322,0.0079,1.9888,51.0,0.0,231.23,0.4606,1438.68,52.73,0.19,0.0,1.18
1.0925,1.2553,1.149,0.0097,1.9359,51.0,0.0,231.45,0.4541,1438.95,52.73,0.25,0.0,1.19
1.0837,1.2579,1.1608,0.0083,1.7609,51.06,0.06,228.4,0.4564,1436.13,52.73,0.2,0.0,1.17
1.0867,1.2707,1.1694,0.0084,1.9677,51.06,0.0,231.25,0.4478,1440.23,52.73,0.18,0.0,1.18
1.0867,1.2565,1.1563,0.0085,1.9172,51.12,0.06,228.14,0.4597,1439.02,52.73,0.21,0.0,1.18
1.0784,1.2323,1.1427,0.0079,1.8756,51.25,0.13,229.56,0.4425,1438.85,52.73,0.2,0.0,1.16
1.082,1.247,1.1524,0.0079,1.8421,51.37,0.12,233.41,0.4742,1438.68,52.73,0.19,0.0,1.17
1.0877,1.2238,1.1252,0.0077,2.0351,51.43,0.06,228.14,0.4314,1436.03,52.73,0.24,0.0,1.18
1.0863,1.2422,1.1435,0.0077,1.7996,51.5,0.07,232.66,0.4422,1438.61,52.73,0.24,0.0,1.18
1.0971,1.2669,1.1548,0.0095,1.822,51.62,0.12,228.2,0.4628,1437.64,52.73,0.24,0.0,1.2
1.0784,1.2734,1.1809,0.0079,1.7874,51.62,0.0,231.64,0.4683,1436.23,52.73,0.21,0.0,1.16
1.0747,1.2472,1.1605,0.0063,2.1411,51.75,0.13,229.24,0.4634,1437.4,52.73,0.21,0.0,1.15
1.0789,1.2496,1.1583,0.0074,2.1455,51.87,0.12,231.59,0.4314,1437.44,52.73,0.18,0.0,1.16
1.0667,1.2546,1.1762,0.007,1.7634,52.06,0.19,229.67,0.4762,1435.68,52.73,0.22,0.0,1.14
1.0607,1.2009,1.1322,0.0067,1.7745,52.31,0.25,230.36,0.4499,1438.88,52.73,0.21,0.0,1.13
1.0634,1.2273,1.1542,0.0069,1.7711,52.5,0.19,231.27,0.434,1434.1,52.73,0.2,0.0,1.13
1.0675,1.2616,1.1818,0.0079,1.8766,52.62,0.12,231.2,0.4573,1439.02,52.73,0.22,0.0,1.14
1.0703,1.2149,1.1351,0.0068,1.9738,52.87,0.25,230.12,0.4687,1436.03,54.69,0.19,0.0,1.15
1.0731,1.2125,1.13,0.0063,1.8909,53.06,0.19,228.61,0.464,1430.62,52.73,0.21,0.0,1.15
1.0587,1.2451,1.1761,0.007,1.9344,53.12,0.06,232.71,0.4464,1439.75,52.73,0.18,0.0,1.12
1.066,1.2016,1.1272,0.0068,1.7499,53.25,0.13,228.3,0.4723,1440.71,52.73,0.2,0.0,1.14
1.0715,1.247,1.1637,0.0079,1.777,53.31,0.06,230.02,0.4431,1439.3,52.73,0.27,0.0,1.15
1.0744,1.2314,1.1461,0.0079,1.8093,53.18,-0.13,231.44,0.4515,1436.27,52.73,0.22,0.0,1.15
1.0697,1.241,1.1602,0.0087,1.6301,53.12,-0.06,228.33,0.4566,1437.19,52.73,0.23,0.0,1.14
1.0755,1.272,1.1827,0.0082,1.8571,53.12,0.0,230.44,0.4558,1439.37,52.73,0.26,1.0,1.16
1.0772,1.25,1.1604,0.0085,1.7894,53.12,0.0,228.2,0.4544,1438.85,52.73,0.19,0.0,1.16
1.078,1.2524,1.1618,0.0077,1.9363,53.12,0.0,232.88,0.4774,1439.26,52.73,0.28,0.0,1.16
1.0776,1.2398,1.1505,0.0087,1.9415,53.18,0.06,229.37,0.4771,1437.78,52.73,0.22,0.0,1.16
1.0745,1.2446,1.1583,0.0076,1.8188,53.12,-0.06,233.27,0.4753,1438.06,52.73,0.25,0.0,1.15
1.0791,1.2733,1.18,0.0073,1.9691,53.12,0.0,228.71,0.4654,1438.78,54.69,0.24,0.0,1.16
1.0761,1.2526,1.164,0.0067,1.9894,53.12,0.0,229.87,0.476,1438.85,52.73,0.25,0.0,1.16
1.078,1.2437,1.1537,0.0072,1.9639,53.18,0.06,231.99,0.4485,1438.88,52.73,0.29,0.0,1.16
1.0747,1.2454,1.1588,0.0069,1.8756,53.25,0.07,231.2,0.4728,1437.54,52.73,0.25,0.0,1.16
1.0777,1.2405,1.151,0.0073,1.9228,53.31,0.06,228.03,0.4695,1438.54,54.69,0.27,0.0,1.16
1.0742,1.2506,1.1642,0.0072,1.9427,53.43,0.12,227.43,0.4715,1438.71,52.73,0.32,0.0,1.15
1.0732,1.2265,1.1428,0.007,1.7193,53.5,0.07,228.01,0.46,1435.51,52.73,0.27,0.0,1.15
1.0762,1.2239,1.1372,0.0067,1.9372,53.5,0.0,228.95,0.4445,1438.09,54.69,0.23,0.0,1.16
1.0728,1.2402,1.1561,0.0074,1.907,53.56,0.06,233.38,0.4577,1438.99,54.69,0.25,0.0,1.15
1.0743,1.234,1.1486,0.0069,1.8872,53.56,0.0,230.43,0.4675,1437.19,54.69,0.25,0.0,1.15
1.0736,1.2002,1.1179,0.0069,1.9357,53.62,0.06,228.18,0.476,1438.54,54.69,0.25,0.0,1.15
1.073,1.2395,1.1552,0.0073,1.7377,53.68,0.06,229.71,0.4661,1438.71,54.69,0.28,0.0,1.15
1.0748,1.2469,1.1601,0.0064,1.9603,53.81,0.13,232.4,0.4548,1436.37,54.69,0.26,0.0,1.16
1.0757,1.2435,1.1559,0.0066,1.8775,53.87,0.06,231.05,0.4425,1436.03,54.69,0.23,0.0,1.16
1.0755,1.2218,1.136,0.0068,1.9486,54.0,0.13,231.41,0.4759,1438.64,52.73,0.24,0.0,1.16
1.0724,1.217,1.1348,0.0066,1.832,54.06,0.06,230.02,0.4628,1439.16,52.73,0.26,0.0,1.15
1.0751,1.2529,1.1654,0.0061,1.9062,54.18,0.12,229.09,0.4508,1436.51,54.69,0.23,0.0,1.16
1.0742,1.2428,1.1569,0.0068,1.8695,54.31,0.13,229.32,0.4647,1441.34,52.73,0.26,0.0,1.15
1.0813,1.2494,1.1555,0.008,1.8794,54.37,0.06,228.16,0.4415,1439.88,52.73,0.24,0.0,1.17
1.0732,1.229,1.1452,0.0073,1.8388,54.43,0.06,231.18,0.4957,1438.33,52.73,0.28,0.0,1.15
1.0707,1.2231,1.1424,0.0072,2.0114,54.5,0.07,228.19,0.4555,1436.03,54.69,0.27,0.0,1.15
1.0704,1.2148,1.1349,0.0069,1.8869,54.56,0.06,224.39,0.4491,1435.89,52.73,0.22,0.0,1.15
1.0748,1.2172,1.1325,0.0067,1.7781,54.68,0.12,228.19,0.4507,1438.57,52.73,0.26,0.0,1.16
1.0695,1.255,1.1735,0.0078,1.8094,54.81,0.13,230.72,0.4775,1438.88,52.73,0.24,0.0,1.14
1.0708,1.242,1.1599,0.007,1.9294,54.93,0.12,229.88,0.4648,1436.03,54.69,0.23,0.0,1.15
1.069,1.2488,1.1682,0.0066,1.7964,55.0,0.07,228.07,0.453,1438.16,52.73,0.23,0.0,1.14
1.0738,1.24,1.1548,0.0071,1.8537,55.06,0.06,228.57,0.4499,1438.99,52.73,0.24,0.0,1.15
1.0721,1.2166,1.1348,0.0071,1.765,55.12,0.06,229.27,0.443,1435.61,52.73,0.22,0.0,1.15
1.074,1.2178,1.134,0.007,1.8567,55.18,0.06,231.25,0.4767,1435.48,54.69,0.24,0.0,1.15
1.0707,1.2107,1.1308,0.0067,1.7634,55.25,0.07,230.58,0.4487,1437.75,52.73,0.26,0.0,1.15
1.0679,1.2211,1.1435,0.0074,1.8033,55.31,0.06,233.35,0.5209,1436.03,52.73,0.26,0.0,1.14
1.0655,1.2141,1.1395,0.0076,1.8539,55.37,0.06,229.19,0.4352,1435.27,52.73,0.24,0.0,1.14
1.066,1.2071,1.1323,0.0074,1.8644,55.43,0.06,230.27,0.4706,1437.68,54.69,0.26,0.0,1.14
1.0613,1.2255,1.1547,0.0076,1.7792,55.56,0.13,227.36,0.482,1437.61,54.69,0.2,0.0,1.13
1.066,1.2083,1.1335,0.0072,1.803,55.68,0.12,228.11,0.4484,1433.59,52.73,0.25,0.0,1.14
1.0646,1.2243,1.1499,0.0073,1.738,55.81,0.13,230.37,0.4639,1439.54,52.73,0.23,0.0,1.13
1.0626,1.2247,1.1526,0.0078,1.7053,55.93,0.12,230.32,0.4373,1436.51,52.73,0.24,0.0,1.13
1.0646,1.2188,1.1449,0.0075,1.7054,56.06,0.13,229.09,0.458,1436.33,52.73,0.23,0.0,1.13
1.0704,1.2423,1.1606,0.0079,1.7944,56.12,0.06,228.39,0.4533,1440.65,52.73,0.18,0.0,1.15
1.0686,1.2404,1.1607,0.0078,1.9057,56.25,0.13,231.56,0.4791,1437.26,52.73,0.25,0.0,1.14
1.0648,1.2387,1.1633,0.0071,1.6874,56.37,0.12,228.25,0.4365,1433.83,54.69,0.24,0.0,1.13
1.0672,1.2291,1.1517,0.0075,1.7622,56.5,0.13,227.55,0.4641,1439.02,52.73,0.21,0.0,1.14
1.0608,1.2014,1.1325,0.0073,1.716,56.62,0.12,228.44,0.485,1437.95,52.73,0.25,0.0,1.13
1.0596,1.1903,1.1234,0.0072,1.7548,56.75,0.13,232.48,0.4737,1437.81,52.73,0.24,0.0,1.12
1.0623,1.2069,1.136,0.008,1.7733,56.87,0.12,228.12,0.4614,1437.57,54.69,0.24,0.0,1.13
1.0639,1.2394,1.165,0.007,1.8585,57.0,0.13,227.78,0.4201,1439.82,52.73,0.24,0.0,1.13
1.0656,1.2394,1.163,0.008,1.7944,57.12,0.12,228.42,0.4468,1438.02,52.73,0.27,0.0,1.14
1.0636,1.2236,1.1504,0.0074,1.8904,57.12,0.0,229.95,0.4772,1439.44,52.73,0.2,0.0,1.13
1.0675,1.2233,1.146,0.0077,1.889,57.18,0.06,230.02,0.4482,1438.61,54.69,0.19,0.0,1.14
1.0641,1.2212,1.1476,0.008,1.8153,57.18,0.0,230.08,0.4436,1436.03,52.73,0.27,0.0,1.13
1.0589,1.2108,1.1435,0.0076,1.7992,57.31,0.13,229.85,0.4416,1437.95,52.73,0.23,0.0,1.12
1.0583,1.2222,1.1549,0.0078,1.8492,57.37,0.06,228.0,0.4531,1436.23,52.73,0.21,0.0,1.12
1.0589,1.2337,1.1651,0.0085,1.7544,57.43,0.06,232.43,0.4368,1440.33,52.73,0.26,0.0,1.12
1.0614,1.2339,1.1625,0.0079,1.8781,57.43,0.0,230.82,0.4525,1436.03,52.73,0.23,0.0,1.13
1.0607,1.2259,1.1557,0.0076,1.7293,57.56,0.13,231.83,0.4796,1438.12,52.73,0.22,0.0,1.13
1.0611,1.2345,1.1633,0.0078,1.7544,57.62,0.06,232.78,0.5064,1437.54,54.69,0.25,0.0,1.13
1.0587,1.1979,1.1314,0.008,1.8665,57.75,0.13,228.21,0.4619,1437.09,54.69,0.23,0.0,1.12
1.057,1.2366,1.1699,0.0081,1.7781,57.81,0.06,231.12,0.4646,1434.69,54.69,0.22,0.0,1.12
1.0642,1.2146,1.1413,0.0079,1.8322,57.87,0.06,231.58,0.4345,1435.75,52.73,0.26,0.0,1.13
1.0605,1.2234,1.1536,0.0084,1.695,57.93,0.06,233.01,0.4966,1438.37,54.69,0.21,0.0,1.12
1.064,1.217,1.1438,0.0086,1.8565,58.0,0.07,229.35,0.475,1440.44,54.69,0.2,0.0,1.13
1.0638,1.2357,1.1615,0.0084,1.8613,58.18,0.18,231.92,0.4467,1438.95,54.69,0.21,0.0,1.13
1.0634,1.234,1.1604,0.0085,1.8659,58.31,0.13,228.21,0.4523,1436.51,54.69,0.25,0.0,1.13
1.0612,1.2097,1.1399,0.0087,1.6906,58.25,-0.06,233.23,0.4444,1436.51,54.69,0.24,0.0,1.13
1.0645,1.2089,1.1357,0.0086,1.787,58.25,0.0,229.33,0.4914,1436.03,54.69,0.25,0.0,1.13
1.0636,1.2199,1.147,0.0085,1.7047,58.37,0.12,232.77,0.4539,1436.09,54.69,0.21,0.0,1.13
1.0578,1.2138,1.1474,0.0086,2.0146,58.5,0.13,228.36,0.4804,1438.23,52.73,0.26,0.0,1.12
1.0597,1.2431,1.173,0.0094,1.8114,58.56,0.06,230.05,0.4871,1438.81,52.73,0.23,0.0,1.12
1.0524,1.2046,1.1446,0.0083,1.826,58.75,0.19,230.25,0.4885,1433.97,54.69,0.21,0.0,1.11
1.0535,1.2223,1.1602,0.0091,1.8439,58.81,0.06,231.1,0.4873,1440.06,52.73,0.19,0.0,1.11
1.0533,1.2223,1.1604,0.0094,1.7773,58.87,0.06,230.81,0.4814,1434.55,52.73,0.21,0.0,1.11
1.0552,1.2385,1.1738,0.0091,1.7604,58.93,0.06,230.81,0.4801,1437.02,52.73,0.21,0.0,1.11
1.0529,1.2151,1.1541,0.009,1.6893,59.0,0.07,229.37,0.473,1437.95,54.69,0.21,0.0,1.11
1.0566,1.22,1.1546,0.0078,1.8064,59.06,0.06,227.82,0.4878,1435.41,52.73,0.27,0.0,1.12
1.0603,1.2283,1.1584,0.0089,1.9519,59.12,0.06,229.49,0.4781,1438.88,52.73,0.27,0.0,1.12
1.0529,1.2159,1.1548,0.0092,1.7183,59.12,0.0,230.03,0.4644,1436.03,54.69,0.21,0.0,1.11
1.0556,1.2295,1.1648,0.0081,1.7984,59.25,0.13,229.04,0.4738,1439.23,54.69,0.18,0.0,1.11
1.0568,1.2224,1.1567,0.0086,1.7851,59.31,0.06,227.35,0.4532,1439.06,54.69,0.21,0.0,1.12
1.0534,1.2095,1.1482,0.0096,1.7928,59.43,0.12,231.33,0.471,1435.82,52.73,0.23,0.0,1.11
1.0547,1.2317,1.1678,0.0089,1.8504,59.56,0.13,228.08,0.4522,1437.85,54.69,0.21,0.0,1.11
1.0564,1.2043,1.14,0.008,1.7775,59.62,0.06,229.87,0.4937,1437.68,54.69,0.22,0.0,1.12
1.0522,1.2194,1.159,0.0108,1.8461,59.68,0.06,228.37,0.4689,1434.55,54.69,0.19,0.0,1.11
1.0538,1.2252,1.1626,0.0108,1.7531,59.87,0.19,231.58,0.4854,1436.61,54.69,0.2,0.0,1.11
1.0507,1.2016,1.1435,0.0099,1.7649,59.93,0.06,228.52,0.4687,1439.64,52.73,0.18,0.0,1.1
1.0503,1.2134,1.1553,0.0104,1.7972,60.12,0.19,233.57,0.4653,1436.03,54.69,0.19,0.0,1.1
1.0511,1.1791,1.1218,0.0099,1.7009,60.18,0.06,229.19,0.4837,1436.03,52.73,0.26,0.0,1.1
1.0513,1.1784,1.1209,0.0096,1.6985,60.37,0.19,231.81,0.4954,1436.03,52.73,0.23,0.0,1.11
1.0503,1.2057,1.1479,0.0099,1.9159,60.5,0.13,229.14,0.4448,1438.43,52.73,0.23,0.0,1.1
1.0486,1.1908,1.1356,0.0092,1.7761,60.56,0.06,233.61,0.4765,1434.93,54.69,0.14,0.0,1.1
1.0542,1.2113,1.149,0.01,1.9119,60.75,0.19,231.81,0.4818,1437.19,52.73,0.18,0.0,1.11
1.0489,1.2138,1.1573,0.0105,1.6909,60.87,0.12,228.84,0.4604,1436.03,52.73,0.22,0.0,1.1
1.0482,1.208,1.1525,0.0104,1.7565,60.93,0.06,233.78,0.494,1436.03,95.7,0.21,0.0,1.1
1.0464,1.2155,1.1616,0.0097,1.8187,61.06,0.13,229.49,0.4352,1437.54,54.69,0.24,0.0,1.1
1.0493,1.2232,1.1658,0.0091,1.8063,61.12,0.06,229.97,0.4808,1436.75,54.69,0.23,0.0,1.1
1.0495,1.2283,1.1704,0.0118,1.8042,61.25,0.13,228.39,0.4545,1436.03,54.69,0.22,0.0,1.1
1.0459,1.2164,1.163,0.011,1.7572,61.37,0.12,233.27,0.4803,1439.26,95.7,0.23,0.0,1.09
1.0478,1.1937,1.1393,0.0093,1.8269,61.5,0.13,228.54,0.4683,1436.03,54.69,0.22,0.0,1.1
1.0439,1.1932,1.143,0.0081,1.8743,61.68,0.18,228.59,0.4603,1439.02,52.73,0.19,0.0,1.09
1.0441,1.1834,1.1334,0.0076,1.9933,61.75,0.07,232.05,0.5026,1436.51,95.7,0.21,0.0,1.09
1.0502,1.1773,1.1211,0.0074,1.8995,61.81,0.06,228.26,0.4714,1438.88,52.73,0.2,0.0,1.1
1.0459,1.1543,1.1036,0.0063,1.9311,61.93,0.12,231.85,0.4942,1437.99,54.69,0.16,0.0,1.09
1.0436,1.1849,1.1353,0.0058,1.866,62.06,0.13,232.89,0.5046,1436.03,95.7,0.22,0.0,1.09
1.0428,1.1645,1.1167,0.0048,1.9051,62.18,0.12,229.81,0.4534,1439.37,52.73,0.18,0.0,1.09
1.0405,1.1821,1.1361,0.0055,1.9582,62.31,0.13,231.83,0.4678,1437.95,52.73,0.22,0.0,1.08
1.0387,1.1674,1.1239,0.0052,1.9192,62.43,0.12,229.32,0.4831,1438.3,54.69,0.23,0.0,1.08
1.0419,1.1512,1.1048,0.0052,2.0685,62.56,0.13,229.45,0.458,1436.03,52.73,0.23,0.0,1.09
1.0391,1.1654,1.1216,0.0065,1.8608,62.68,0.12,231.68,0.4649,1437.47,52.73,0.2,0.0,1.08
1.037,1.1522,1.1111,0.0064,2.1385,62.68,0.0,228.56,0.4737,1438.75,54.69,0.21,0.0,1.08
1.0433,1.1845,1.1354,0.006,1.9565,62.68,0.0,233.55,0.4922,1439.5,54.69,0.24,0.0,1.09
1.0401,1.16,1.1152,0.0055,1.886,62.81,0.13,231.96,0.4757,1437.95,52.73,0.17,0.0,1.08
1.0411,1.1564,1.1108,0.0052,1.88,62.87,0.06,229.26,0.4274,1436.03,54.69,0.26,0.0,1.08
1.0368,1.1772,1.1353,0.0049,1.8617,62.93,0.06,233.65,0.4664,1440.02,52.73,0.21,0.0,1.08
1.0329,1.1491,1.1125,0.0049,1.8256,62.93,0.0,231.26,0.4697,1437.33,54.69,0.36,0.0,1.07
1.0315,1.1508,1.1156,0.0048,1.6934,62.87,-0.06,229.84,0.4796,1435.72,52.73,0.32,0.0,1.06
1.0319,1.1405,1.1053,0.0045,1.8487,62.75,-0.12,228.76,0.4577,1437.95,52.73,0.32,0.0,1.06
1.0258,1.1317,1.1032,0.0045,1.8784,62.75,0.0,232.36,0.4633,1438.4,54.69,0.36,0.0,1.05
1.0277,1.1628,1.1315,0.0048,1.7891,62.68,-0.07,231.97,0.4801,1436.03,54.69,0.34,0.0,1.06
1.035,1.1626,1.1233,0.005,1.9129,62.5,-0.18,229.48,0.4705,1436.71,54.69,0.36,0.0,1.07
1.0346,1.1758,1.1365,0.0045,1.8685,62.31,-0.19,228.13,0.4658,1436.92,54.69,0.24,0.0,1.07
1.0263,1.1457,1.1164,0.0046,1.8763,62.25,-0.06,233.73,0.4643,1438.5,54.69,0.28,0.0,1.05
1.0259,1.1401,1.1114,0.0045,1.7587,62.25,0.0,230.46,0.4927,1435.78,54.69,0.24,0.0,1.05
1.0284,1.1709,1.1387,0.0047,1.6625,62.31,0.06,231.84,0.5024,1436.2,54.69,0.31,0.0,1.06
1.0354,1.2004,1.1594,0.005,1.7372,62.31,0.0,231.76,0.4839,1436.16,54.69,0.28,0.0,1.07
1.0337,1.1643,1.1263,0.005,1.7186,62.25,-0.06,228.32,0.4694,1435.85,54.69,0.33,0.0,1.07
1.0306,1.1614,1.1269,0.0049,1.7692,62.25,0.0,233.22,0.4712,1438.71,54.69,0.27,0.0,1.06
1.0329,1.1646,1.1275,0.0046,1.8619,62.25,0.0,231.38,0.4753,1436.03,54.69,0.34,0.0,1.07
1.0349,1.154,1.115,0.0046,1.7405,62.37,0.12,231.27,0.4705,1434.41,54.69,0.29,0.0,1.07
1.0264,1.152,1.1224,0.0044,1.8609,62.43,0.06,228.71,0.4718,1436.03,54.69,0.29,0.0,1.05
1.026,1.1416,1.1127,0.0043,1.8034,62.56,0.13,230.65,0.4678,1435.68,54.69,0.22,0.0,1.05
1.0245,1.1386,1.1114,0.0042,1.8044,62.43,-0.13,230.36,0.5012,1436.03,54.69,0.22,0.0,1.05
1.0228,1.1365,1.1112,0.0042,1.7577,62.37,-0.06,230.12,0.4936,1436.03,54.69,0.35,0.0,1.05
1.0237,1.1384,1.1121,0.0041,1.7973,62.31,-0.06,228.17,0.438,1436.03,56.64,0.37,0.0,1.05
1.0325,1.1444,1.1084,0.0042,1.8658,62.18,-0.13,233.52,0.4928,1434.93,54.69,0.25,0.0,1.07
1.0353,1.1432,1.1042,0.0041,1.8912,62.25,0.07,233.51,0.4747,1438.47,54.69,0.37,0.0,1.07
1.0368,1.1475,1.1067,0.0044,1.9454,62.31,0.06,231.04,0.478,1435.51,54.69,0.29,0.0,1.08
1.0349,1.1774,1.1376,0.0046,1.7613,62.37,0.06,231.06,0.4639,1436.68,54.69,0.26,0.0,1.07
1.0342,1.1519,1.1138,0.0046,1.7153,62.43,0.06,230.31,0.4654,1436.44,54.69,0.39,0.0,1.07
1.0321,1.1423,1.1068,0.0043,1.7542,62.62,0.19,228.15,0.4571,1436.03,54.69,0.36,0.0,1.07
1.0278,1.1504,1.1193,0.0042,1.8982,62.81,0.19,230.14,0.4885,1436.64,54.69,0.33,0.0,1.06
1.0305,1.1747,1.14,0.0041,1.9148,62.93,0.12,230.59,0.4573,1438.75,54.69,0.37,0.0,1.06
1.0269,1.1299,1.1003,0.0038,1.8233,63.12,0.19,231.35,0.4744,1435.78,54.69,0.36,0.0,1.05
1.0266,1.1494,1.1196,0.0041,1.8663,63.25,0.13,228.21,0.4589,1436.03,54.69,0.29,0.0,1.05
1.0286,1.1484,1.1164,0.0037,1.8876,63.43,0.18,230.37,0.4798,1437.37,54.69,0.37,0.0,1.06
1.0296,1.1368,1.104,0.0037,1.9443,63.56,0.13,230.35,0.4768,1436.03,54.69,0.32,0.0,1.06
1.0298,1.1409,1.1079,0.0038,1.9099,63.68,0.12,231.74,0.4765,1436.92,54.69,0.3,0.0,1.06
1.0282,1.1449,1.1135,0.0038,1.8032,63.81,0.13,230.36,0.5124,1436.95,54.69,0.4,0.0,1.06
1.0314,1.1458,1.1109,0.0036,1.9821,63.93,0.12,228.4,0.4694,1435.61,54.69,0.29,0.0,1.06
1.0272,1.1527,1.1222,0.0035,1.9474,64.06,0.13,228.5,0.4789,1437.4,54.69,0.39,0.0,1.06
1.0268,1.1351,1.1054,0.0036,1.8216,64.18,0.12,229.14,0.4622,1438.26,54.69,0.25,0.0,1.05
1.0284,1.1441,1.1124,0.0038,1.8863,64.37,0.19,231.85,0.4648,1438.68,54.69,0.29,0.0,1.06
1.0292,1.1395,1.1072,0.0037,1.9713,64.5,0.13,230.05,0.4397,1436.03,54.69,0.39,0.0,1.06
1.0318,1.1868,1.1502,0.0054,1.7916,64.5,0.0,228.77,0.4516,1435.17,52.73,0.29,0.0,1.06
1.0417,1.1951,1.1473,0.0097,1.7682,64.56,0.06,230.62,0.5167,1438.71,54.69,0.25,0.0,1.09
1.0367,1.1926,1.1504,0.0073,1.8605,64.5,-0.06,231.7,0.4639,1438.61,54.69,0.26,0.0,1.07
1.0364,1.1829,1.1414,0.0084,1.8478,64.56,0.06,228.81,0.4637,1437.88,54.69,0.2,0.0,1.07
1.0285,1.1892,1.1563,0.0085,1.8457,64.68,0.12,228.52,0.4564,1436.71,54.69,0.24,0.0,1.06
1.0305,1.196,1.1607,0.008,1.8766,64.75,0.07,230.74,0.4765,1437.33,54.69,0.16,0.0,1.06
1.0316,1.2205,1.1831,0.0082,1.8225,64.93,0.18,230.91,0.4506,1436.03,54.69,0.2,0.0,1.06
1.03,1.1959,1.161,0.0067,1.8075,65.12,0.19,233.79,0.4928,1433.69,52.73,0.27,0.0,1.06
1.0218,1.1999,1.1743,0.006,1.7405,65.12,0.0,228.67,0.4827,1439.64,54.69,0.28,0.0,1.04
1.0227,1.1799,1.1538,0.0051,1.8596,65.18,0.06,231.98,0.4795,1436.78,54.69,0.34,0.0,1.05
1.016,1.1502,1.1321,0.0046,1.8039,65.18,0.0,229.02,0.471,1436.03,54.69,0.35,0.0,1.03
1.0985,1.7473,1.5906,0.0137,2.0906,38.93,0.0,227.7,0.4166,1436.09,50.78,0.2,4.0,1.21
1.0768,1.1908,1.1059,0.0032,2.046,39.0,0.07,230.66,0.4222,1437.27,97.66,0.18,0.0,1.16
1.078,1.2328,1.1436,0.0033,2.0971,39.12,0.12,232.78,0.4564,1395.27,97.66,0.21,0.0,1.16
1.0769,1.218,1.1311,0.0035,2.3201,39.12,0.0,226.82,0.3974,1437.81,95.7,0.19,0.0,1.16
1.0884,1.197,1.0997,0.0034,1.9094,39.18,0.06,232.13,0.4605,1437.55,52.73,0.19,0.0,1.18
1.0905,1.2389,1.1361,0.0036,1.962,39.18,0.0,228.16,0.39,1413.7,52.73,0.14,0.0,1.19
1.0962,1.2352,1.1268,0.0037,2.1486,39.25,0.07,231.73,0.4054,1436.79,95.7,0.16,0.0,1.2
1.0946,1.2223,1.1167,0.0034,1.8888,39.31,0.06,230.75,0.4592,1435.82,52.73,0.12,0.0,1.2
1.0963,1.211,1.1047,0.0033,2.0947,39.31,0.0,228.9,0.3983,1436.93,52.73,0.2,0.0,1.2
1.1017,1.2399,1.1254,0.0038,2.0779,39.37,0.06,230.97,0.4758,1401.53,52.73,0.18,0.0,1.21
1.1028,1.2818,1.1623,0.005,2.2615,39.31,-0.06,230.14,0.3918,1376.05,95.7,0.16,0.0,1.22
1.117,1.6024,1.4346,0.0086,9.0581,39.43,0.12,227.77,0.4265,1436.01,95.7,0.22,1.0,1.25
1.1189,1.5386,1.375,0.0139,4.8396,39.5,0.07,229.28,0.4489,1437.39,95.7,0.19,8.0,1.25
1.1324,1.5636,1.3808,0.019,6.028,39.62,0.12,229.33,0.3848,1438.35,95.7,0.23,12.0,1.28
1.1085,1.334,1.2034,0.0149,2.4456,39.68,0.06,227.72,0.4411,1367.13,95.7,0.28,4.0,1.23
1.1127,1.3628,1.2248,0.0194,2.5111,39.68,0.0,229.06,0.4089,1394.71,95.7,0.27,7.0,1.24
1.1097,1.3502,1.2167,0.0217,2.5642,39.68,0.0,230.57,0.4213,1393.08,95.7,0.28,7.0,1.23
1.1099,1.3626,1.2277,0.0233,2.3343,39.81,0.13,227.74,0.4208,1403.08,95.7,0.29,10.0,1.23
1.1239,1.3658,1.2152,0.0237,2.2756,39.87,0.06,227.67,0.3893,1438.63,95.7,0.26,8.0,1.26
1.1113,1.3629,1.2264,0.0241,2.432,39.93,0.06,229.13,0.4391,1438.09,95.7,0.31,11.0,1.23
1.0914,1.3289,1.2176,0.0201,2.7665,40.0,0.07,230.85,0.425,1438.19,95.7,0.29,7.0,1.19
1.0872,1.3517,1.2433,0.0224,2.4902,40.06,0.06,227.57,0.4201,1403.1,95.7,0.33,8.0,1.18
1.0949,1.349,1.2321,0.0237,2.2985,40.12,0.06,229.67,0.4463,1436.11,95.7,0.28,9.0,1.2
1.1078,1.3686,1.2354,0.0259,2.2803,40.18,0.06,232.32,0.4099,1436.58,95.7,0.3,11.0,1.23
1.0974,1.3716,1.2499,0.0285,2.1047,40.25,0.07,228.0,0.4117,1392.5,95.7,0.28,22.0,1.2
1.0986,1.408,1.2817,0.029,2.2679,40.31,0.06,232.61,0.4126,1394.07,95.7,0.26,21.0,1.21
1.1051,1.3851,1.2534,0.031,2.1999,40.37,0.06,230.06,0.4083,1437.1,95.7,0.28,24.0,1.22
1.1019,1.3866,1.2584,0.0307,2.0722,40.43,0.06,227.89,0.4628,1393.87,95.7,0.28,18.0,1.21
1.1011,1.4299,1.2986,0.0257,2.1507,40.5,0.07,230.39,0.4202,1436.15,95.7,0.27,17.0,1.21
1.0929,1.283,1.174,0.0161,2.3866,40.62,0.12,228.24,0.4288,1271.41,95.7,0.26,0.0,1.19
1.1253,3.118,2.7708,0.0498,58.3247,40.68,0.06,228.13,0.4708,1059.05,95.7,0.29,4.0,1.27
7.1226,72.487,10.1771,47.3378,89.3894,40.68,0.0,229.14,0.4134,996.46,1.95,1.0,4.0,50.73
1.0826,1.3077,1.2079,0.0131,2.1319,45.68,0.0,232.81,0.4347,1434.7,95.7,0.26,1.0,1.17
1.0951,1.365,1.2465,0.0154,2.0644,45.68,0.0,230.0,0.4137,1435.75,95.7,0.26,3.0,1.2
1.0904,1.3613,1.2484,0.0156,1.899,45.68,0.0,230.71,0.4723,1401.79,95.7,0.26,7.0,1.19
1.0981,1.3838,1.2602,0.0161,1.9678,45.68,0.0,232.62,0.4546,1437.88,95.7,0.27,7.0,1.21
1.0961,1.4027,1.2797,0.0176,1.8876,45.75,0.07,230.94,0.409,1436.78,95.7,0.27,12.0,1.2
1.1027,1.41,1.2787,0.0176,1.8664,45.68,-0.07,231.95,0.4331,1435.67,95.7,0.29,9.0,1.22
1.1057,1.3897,1.2569,0.0178,1.9954,45.75,0.07,228.36,0.4549,1394.1,95.7,0.27,12.0,1.22
1.1148,1.4306,1.2833,0.0178,2.0764,45.68,-0.07,231.13,0.3987,1438.43,95.7,0.25,6.0,1.24
1.115,1.4356,1.2876,0.0196,1.9693,45.68,0.0,228.06,0.4238,1436.08,95.7,0.25,12.0,1.24
1.1082,1.3962,1.2599,0.02,2.0442,45.75,0.07,230.32,0.4403,1438.1,95.7,0.26,12.0,1.23
1.0992,1.4402,1.3102,0.0208,1.8816,45.75,0.0,229.48,0.4186,1394.19,101.56,0.22,18.0,1.21
1.1092,1.4255,1.2852,0.0202,2.0061,45.75,0.0,229.89,0.3926,1437.94,95.7,0.25,14.0,1.23
1.1125,1.4006,1.259,0.0207,1.969,45.81,0.06,230.36,0.4339,1436.06,95.7,0.28,10.0,1.24
1.1151,1.4198,1.2732,0.0212,2.2398,45.81,0.0,227.78,0.4282,1436.25,95.7,0.27,15.0,1.24
1.0932,1.3963,1.2772,0.0211,2.0873,45.93,0.12,233.22,0.4359,1436.89,101.56,0.24,16.0,1.2
1.0991,1.418,1.2901,0.0197,2.5533,45.93,0.0,228.36,0.4248,1435.6,95.7,0.27,12.0,1.21
1.1157,1.4169,1.2699,0.021,2.2766,46.0,0.07,230.23,0.4591,1435.57,95.7,0.28,15.0,1.24
1.1143,1.4367,1.2893,0.0222,2.2759,46.0,0.0,232.18,0.4355,1434.71,95.7,0.28,18.0,1.24
1.1137,1.4555,1.3069,0.0227,4.8422,46.06,0.06,231.27,0.4409,1435.52,99.61,0.28,15.0,1.24
1.1065,1.4452,1.3062,0.0236,3.0431,46.06,0.0,228.51,0.4231,1402.48,95.7,0.24,18.0,1.22
1.108,1.431,1.2916,0.0266,3.8099,46.12,0.06,229.96,0.457,1436.54,95.7,0.26,23.0,1.23
1.1055,1.425,1.2891,0.0234,1.9881,46.12,0.0,227.84,0.4184,1436.6,95.7,0.26,22.0,1.22
1.1149,1.4241,1.2773,0.0244,2.0665,46.12,0.0,231.03,0.4647,1375.43,95.7,0.29,18.0,1.24
1.0996,1.4296,1.3001,0.0244,2.1122,46.12,0.0,227.69,0.4452,1436.9,95.7,0.28,19.0,1.21
1.109,1.4399,1.2985,0.0249,1.8321,46.12,0.0,232.79,0.4507,1436.59,95.7,0.27,20.0,1.23
1.1053,1.4353,1.2986,0.0251,1.9762,46.25,0.13,230.7,0.4001,1408.38,95.7,0.26,20.0,1.22
1.1153,1.4666,1.315,0.0267,2.046,46.18,-0.07,228.84,0.4775,1436.52,95.7,0.28,23.0,1.24
1.1154,1.4729,1.3205,0.027,1.8708,46.37,0.19,232.81,0.4465,1400.96,95.7,0.28,20.0,1.24
1.103,1.4328,1.299,0.026,1.6431,46.37,0.0,227.87,0.4243,1393.48,95.7,0.29,22.0,1.22
1.1111,1.4283,1.2855,0.029,1.7213,46.43,0.06,230.12,0.4441,1435.12,95.7,0.28,24.0,1.23
1.1045,1.4361,1.3003,0.0274,1.9369,46.5,0.07,232.09,0.434,1437.31,99.61,0.28,26.0,1.22
1.1137,1.4391,1.2922,0.0283,1.8152,46.5,0.0,228.02,0.4304,1401.58,95.7,0.29,23.0,1.24
1.1167,1.4871,1.3316,0.0308,1.9066,46.5,0.0,230.56,0.433,1435.94,95.7,0.25,23.0,1.25
1.1168,1.4762,1.3218,0.0325,1.834,46.5,0.0,233.25,0.4517,1386.94,95.7,0.27,22.0,1.25
1.1189,1.45,1.296,0.0315,1.8964,46.56,0.06,228.58,0.4516,1435.8,99.61,0.28,29.0,1.25
1.1063,1.4498,1.3105,0.0307,1.9383,46.56,0.0,228.46,0.4142,1401.45,95.7,0.26,25.0,1.22
1.1172,1.4499,1.2979,0.0298,1.6359,46.56,0.0,231.1,0.4201,1434.97,95.7,0.27,25.0,1.25
1.1213,1.4596,1.3018,0.033,1.7541,46.62,0.06,233.12,0.463,1400.94,95.7,0.28,25.0,1.26
1.1205,1.4737,1.3152,0.0363,1.7376,46.68,0.06,230.77,0.4323,1401.63,99.61,0.27,27.0,1.26
1.1081,1.4956,1.3496,0.032,1.9505,46.75,0.07,228.03,0.4163,1436.4,95.7,0.28,24.0,1.23
1.1259,1.4736,1.3088,0.0343,1.6056,46.81,0.06,231.11,0.4342,1434.66,95.7,0.27,26.0,1.27
1.114,1.4565,1.3075,0.0329,1.7003,46.81,0.0,233.12,0.4723,1437.17,95.7,0.3,25.0,1.24
1.1251,1.4975,1.3309,0.0364,1.532,46.87,0.06,228.37,0.4029,1436.07,99.61,0.29,28.0,1.27
1.1328,1.5106,1.3335,0.0352,1.7749,47.0,0.13,231.78,0.4132,1436.16,99.61,0.28,26.0,1.28
1.1211,1.4737,1.3145,0.0364,1.7216,47.06,0.06,230.51,0.4465,1391.74,95.7,0.27,28.0,1.26
1.1258,1.4826,1.3169,0.038,1.5252,47.06,0.0,232.6,0.432,1374.56,95.7,0.26,29.0,1.27
1.1338,1.4908,1.3149,0.039,1.6388,47.12,0.06,233.3,0.4395,1433.22,99.61,0.27,29.0,1.29
1.1262,1.5129,1.3433,0.0379,1.6938,47.18,0.06,227.94,0.4354,1433.31,99.61,0.27,29.0,1.27
1.1412,1.5071,1.3206,0.0401,1.6516,47.31,0.13,232.44,0.4623,1435.01,99.61,0.26,28.0,1.3
1.1417,1.5202,1.3315,0.0403,1.5989,47.37,0.06,230.77,0.4333,1393.3,95.7,0.25,29.0,1.3
1.1338,1.5354,1.3543,0.0409,1.6854,47.37,0.0,228.91,0.4051,1435.37,99.61,0.29,28.0,1.29
1.1302,1.5028,1.3297,0.0418,1.6309,47.5,0.13,231.69,0.4152,1392.73,95.7,0.27,32.0,1.28
1.1426,1.528,1.3373,0.0457,1.6362,47.62,0.12,231.62,0.4642,1436.6,95.7,0.25,30.0,1.31
1.1447,1.5161,1.3244,0.0409,2.2421,47.68,0.06,231.21,0.4356,1392.57,101.56,0.22,32.0,1.31
1.1404,1.5273,1.3392,0.0455,1.841,47.75,0.07,228.87,0.4355,1435.52,95.7,0.29,32.0,1.3
1.1276,1.49,1.3213,0.0438,1.6186,47.75,0.0,232.77,0.4253,1435.67,95.7,0.27,32.0,1.27
1.1424,1.5231,1.3332,0.0448,1.8463,47.87,0.12,233.2,0.4452,1437.79,95.7,0.27,30.0,1.31
1.1527,1.7218,1.4936,0.0537,2.055,47.87,0.0,229.76,0.4483,1371.02,95.7,0.26,25.0,1.33
1.1258,1.6987,1.5089,0.0481,2.1164,47.93,0.06,227.85,0.4237,1436.0,99.61,0.23,16.0,1.27
1.13,1.6901,1.4957,0.0438,2.1613,48.0,0.07,229.9,0.437,1435.59,95.7,0.26,29.0,1.28
1.1112,1.438,1.294,0.037,2.323,48.0,0.0,232.96,0.459,1391.52,95.7,0.26,27.0,1.23
1.0999,1.4311,1.3011,0.0348,2.077,48.0,0.0,230.46,0.395,1435.25,95.7,0.29,23.0,1.21
1.1021,1.4129,1.282,0.0334,2.0023,48.06,0.06,228.17,0.426,1409.64,95.7,0.28,25.0,1.21
1.1114,1.4201,1.2778,0.0352,2.0794,48.06,0.0,223.81,0.4547,1434.31,95.7,0.28,17.0,1.24
1.1094,1.4363,1.2947,0.0343,2.0882,48.06,0.0,229.8,0.4485,1435.59,95.7,0.27,25.0,1.23
1.1051,1.4249,1.2894,0.0332,2.0763,48.12,0.06,228.13,0.4163,1380.47,95.7,0.28,20.0,1.22
1.1042,1.4079,1.2751,0.0314,1.9429,48.12,0.0,228.76,0.4412,1435.52,99.61,0.3,15.0,1.22
1.0947,1.3909,1.2706,0.0323,2.0955,48.06,-0.06,224.66,0.446,1391.33,95.7,0.27,23.0,1.2
1.1064,1.3723,1.2403,0.032,2.3513,48.12,0.06,229.79,0.45,1436.57,95.7,0.28,19.0,1.22
1.1064,1.4017,1.2669,0.0316,2.0604,48.12,0.0,228.48,0.4171,1436.87,95.7,0.28,15.0,1.22
1.1065,1.3881,1.2546,0.0286,2.0492,48.18,0.06,229.92,0.4504,1434.88,99.61,0.26,14.0,1.22
1.0932,1.394,1.2751,0.0284,1.9119,48.25,0.07,226.43,0.441,1435.93,95.7,0.25,16.0,1.2
1.098,1.3898,1.2657,0.0311,2.3109,48.25,0.0,230.08,0.4125,1393.12,95.7,0.23,21.0,1.21
1.096,1.4166,1.2925,0.0285,2.1088,48.31,0.06,228.66,0.4439,1418.62,95.7,0.27,18.0,1.2
1.0917,1.3635,1.249,0.0245,1.9815,48.31,0.0,228.72,0.4614,1409.91,99.61,0.29,10.0,1.19
1.0897,1.3748,1.2616,0.0244,2.0722,48.31,0.0,227.56,0.4678,1436.6,95.7,0.23,13.0,1.19
1.0932,1.3647,1.2484,0.0238,2.0038,48.31,0.0,229.52,0.4488,1437.26,95.7,0.26,14.0,1.2
1.0883,1.3308,1.2229,0.0216,2.4805,48.31,0.0,227.77,0.4308,1412.88,95.7,0.26,11.0,1.18
1.0822,1.3382,1.2365,0.0227,2.3926,48.37,0.06,231.82,0.4644,1394.51,95.7,0.24,11.0,1.17
1.0898,1.3606,1.2485,0.023,2.6403,48.37,0.0,229.67,0.4456,1402.06,95.7,0.23,5.0,1.19
1.0877,1.3662,1.256,0.0193,2.0242,48.37,0.0,229.12,0.4198,1436.32,95.7,0.26,7.0,1.18
1.085,1.3338,1.2293,0.0193,2.211,48.43,0.06,232.89,0.4443,1437.02,95.7,0.25,5.0,1.18
1.0918,1.3479,1.2345,0.0225,2.2223,48.43,0.0,228.1,0.4675,1436.93,95.7,0.26,9.0,1.19
1.0927,1.3705,1.2543,0.0254,2.3202,48.5,0.07,228.47,0.4309,1402.7,95.7,0.23,14.0,1.19
1.0835,1.3578,1.2531,0.0232,1.9859,48.56,0.06,230.67,0.4227,1435.87,95.7,0.28,11.0,1.17
1.0896,1.3594,1.2477,0.0201,2.1922,48.62,0.06,230.44,0.4467,1415.69,95.7,0.25,11.0,1.19
1.0825,1.3549,1.2516,0.0127,2.3385,48.62,0.0,230.38,0.4281,1394.24,95.7,0.23,3.0,1.17
1.0761,1.3355,1.241,0.0119,2.2787,48.75,0.13,231.5,0.438,1438.06,95.7,0.24,2.0,1.16
1.0804,1.387,1.2838,0.0253,2.4787,48.75,0.0,231.65,0.4414,1437.36,95.7,0.23,15.0,1.17
1.0882,1.4163,1.3015,0.0238,2.2268,48.81,0.06,229.47,0.4309,1414.4,95.7,0.23,10.0,1.18
1.0876,1.405,1.2919,0.0164,2.3214,48.93,0.12,231.29,0.4249,1402.82,95.7,0.21,8.0,1.18
1.0828,1.2963,1.1972,0.02,2.1981,49.06,0.13,231.53,0.455,1436.75,95.7,0.22,7.0,1.17
1.0834,1.3783,1.2722,0.016,2.0592,49.12,0.06,231.93,0.4431,1437.74,95.7,0.22,7.0,1.17
1.0783,1.3354,1.2384,0.0117,2.3302,49.12,0.0,228.01,0.4231,1436.77,95.7,0.24,3.0,1.16
1.0751,1.2804,1.191,0.0095,2.2135,49.12,0.0,233.37,0.4278,1436.6,101.56,0.22,3.0,1.16
1.0815,1.2703,1.1746,0.0091,2.4083,49.25,0.13,230.16,0.439,1436.32,95.7,0.25,0.0,1.17
1.0805,1.3328,1.2336,0.0114,2.1326,49.31,0.06,231.4,0.4278,1436.53,95.7,0.23,5.0,1.17
1.0826,1.3402,1.238,0.0144,2.3694,49.37,0.06,232.28,0.4307,1435.55,95.7,0.23,7.0,1.17
1.0899,1.3655,1.2528,0.0161,2.3748,49.5,0.13,228.16,0.4214,1403.18,99.61,0.25,10.0,1.19
1.0931,1.3574,1.2418,0.0178,2.2704,49.5,0.0,227.67,0.3979,1402.3,95.7,0.19,11.0,1.19
1.078,1.3765,1.2769,0.0171,2.3121,49.56,0.06,232.37,0.4488,1435.12,95.7,0.21,9.0,1.16
1.0823,1.3175,1.2173,0.0117,2.0886,49.5,-0.06,230.15,0.4565,1437.21,95.7,0.24,3.0,1.17
1.0808,1.3283,1.229,0.0122,2.0629,49.43,-0.07,229.26,0.4026,1437.1,95.7,0.22,3.0,1.17
1.0795,1.3651,1.2645,0.0186,2.0333,49.5,0.07,230.6,0.4338,1436.11,95.7,0.21,9.0,1.17
1.0851,1.3819,1.2735,0.0214,2.2396,49.43,-0.07,229.87,0.4538,1437.4,95.7,0.21,13.0,1.18
1.086,1.3807,1.2713,0.0163,2.3709,49.43,0.0,228.26,0.4275,1415.3,95.7,0.2,9.0,1.18
1.0856,1.4172,1.3055,0.0215,2.1821,49.43,0.0,232.59,0.4557,1401.92,95.7,0.24,11.0,1.18
1.0796,1.4028,1.2993,0.0218,1.9603,49.5,0.07,232.83,0.4455,1436.03,95.7,0.21,14.0,1.17
1.0819,1.3677,1.2641,0.0209,2.0325,49.5,0.0,227.99,0.4408,1436.52,95.7,0.27,9.0,1.17
1.0798,1.3641,1.2633,0.022,2.2279,49.56,0.06,232.82,0.4058,1436.74,95.7,0.23,11.0,1.17
1.0837,1.3755,1.2692,0.022,2.075,49.56,0.0,228.34,0.4289,1402.1,95.7,0.23,13.0,1.17
1.0854,1.4088,1.298,0.0225,2.3511,49.56,0.0,229.31,0.4349,1401.51,95.7,0.22,14.0,1.18
1.0811,1.3737,1.2707,0.0152,2.1424,49.62,0.06,231.44,0.4392,1436.79,95.7,0.21,6.0,1.17
1.0825,1.3291,1.2278,0.0144,2.3173,49.62,0.0,230.19,0.4299,1417.2,95.7,0.23,9.0,1.17
1.0855,1.3432,1.2374,0.0151,1.927,49.68,0.06,228.89,0.4436,1436.34,99.61,0.27,11.0,1.18
1.0854,1.3542,1.2477,0.0129,2.0703,49.75,0.07,232.44,0.4509,1401.5,99.61,0.24,7.0,1.18
1.0897,1.2959,1.1892,0.0129,2.2691,49.87,0.12,231.05,0.4486,1434.69,99.61,0.22,3.0,1.19
1.0845,1.355,1.2494,0.0147,2.2627,49.93,0.06,229.02,0.415,1401.18,95.7,0.22,7.0,1.18
1.0832,1.3308,1.2286,0.0148,2.0383,50.0,0.07,231.99,0.4117,1435.09,99.61,0.24,6.0,1.17
1.087,1.3608,1.2519,0.015,2.4464,50.0,0.0,228.05,0.4204,1434.67,95.7,0.19,6.0,1.18
1.0858,1.3295,1.2244,0.0141,2.0033,50.06,0.06,229.1,0.461,1436.06,99.61,0.21,8.0,1.18
1.0875,1.3331,1.2258,0.0133,2.152,50.12,0.06,230.29,0.43,1436.1,95.7,0.23,9.0,1.18
1.0835,1.3464,1.2426,0.0135,2.5362,50.12,0.0,228.27,0.4376,1436.99,95.7,0.23,6.0,1.17
1.0907,1.3463,1.2344,0.0144,2.4363,50.18,0.06,228.19,0.4327,1435.92,95.7,0.22,10.0,1.19
1.0924,1.3272,1.2149,0.0137,2.3173,50.25,0.07,230.21,0.4758,1436.45,95.7,0.23,12.0,1.19
1.0879,1.3596,1.2498,0.0131,2.4136,50.31,0.06,228.38,0.4329,1436.35,95.7,0.25,9.0,1.18
1.0836,1.3324,1.2296,0.0136,2.2674,50.37,0.06,228.49,0.4246,1366.26,99.61,0.23,9.0,1.17
1.0884,1.3264,1.2187,0.0131,2.2779,50.43,0.06,228.8,0.427,1435.79,95.7,0.24,10.0,1.18
1.0883,1.3629,1.2523,0.014,2.5199,50.37,-0.06,229.03,0.4443,1438.07,95.7,0.23,7.0,1.18
1.0864,1.3497,1.2423,0.0143,2.4313,50.37,0.0,229.44,0.4416,1393.1,95.7,0.24,6.0,1.18
1.0897,1.3398,1.2295,0.0151,2.5142,50.43,0.06,229.11,0.4384,1438.27,95.7,0.24,8.0,1.19
1.0802,1.3111,1.2138,0.0133,2.0082,50.5,0.07,227.93,0.4002,1393.41,99.61,0.23,9.0,1.17
1.0877,1.3471,1.2385,0.0131,2.4293,50.56,0.06,229.72,0.4571,1435.23,95.7,0.22,11.0,1.18
1.0884,1.3008,1.1952,0.0127,2.3327,50.5,-0.06,230.2,0.4503,1367.12,95.7,0.24,9.0,1.18
1.0919,1.318,1.207,0.0114,2.4754,50.56,0.06,228.41,0.4365,1394.11,99.61,0.23,5.0,1.19
1.0849,1.3355,1.231,0.0117,2.0675,50.62,0.06,233.11,0.4182,1434.47,99.61,0.25,7.0,1.18
1.0904,1.3556,1.2432,0.0127,2.4848,50.68,0.06,231.28,0.4348,1435.07,95.7,0.23,10.0,1.19
1.0823,1.3457,1.2433,0.0123,2.6188,50.68,0.0,228.9,0.4635,1413.47,95.7,0.22,8.0,1.17
1.086,1.3216,1.2169,0.0118,2.1767,50.75,0.07,230.69,0.4652,1435.12,99.61,0.23,9.0,1.18
1.0984,1.3666,1.2441,0.0123,2.4228,50.62,-0.13,228.22,0.4616,1358.31,99.61,0.24,9.0,1.21
1.0854,1.3351,1.23,0.012,2.1843,50.75,0.13,230.11,0.4069,1435.6,95.7,0.2,8.0,1.18
1.0856,1.3074,1.2043,0.0123,2.008,50.81,0.06,231.95,0.4045,1435.42,99.61,0.25,6.0,1.18
1.0906,1.3393,1.228,0.0125,2.3153,50.87,0.06,228.28,0.4681,1436.3,99.61,0.26,9.0,1.19
1.0901,1.3204,1.2113,0.0123,2.1766,51.0,0.13,229.16,0.4355,1435.11,95.7,0.21,7.0,1.19
1.0858,1.3473,1.2409,0.012,2.5939,50.93,-0.07,229.05,0.4285,1437.5,95.7,0.23,9.0,1.18
1.0855,1.3586,1.2516,0.0128,2.2888,51.0,0.07,229.62,0.421,1402.71,95.7,0.23,9.0,1.18
1.0856,1.4,1.2896,0.0117,2.0031,50.93,-0.07,230.8,0.4828,1436.09,99.61,0.22,9.0,1.18
1.0876,1.3444,1.2362,0.0122,2.1958,50.93,0.0,228.66,0.4629,1395.25,101.56,0.26,9.0,1.18
1.0934,1.342,1.2274,0.013,2.217,50.87,-0.06,233.22,0.445,1436.39,95.7,0.24,8.0,1.2
1.0942,1.3565,1.2397,0.0129,2.2521,50.87,0.0,228.23,0.4127,1436.65,95.7,0.24,7.0,1.2
1.0947,1.3402,1.2243,0.0131,2.2458,50.87,0.0,228.27,0.4169,1401.81,95.7,0.21,10.0,1.2
1.0981,1.3717,1.2492,0.0124,2.3264,50.87,0.0,233.32,0.4694,1435.74,95.7,0.21,4.0,1.21
1.0911,1.3321,1.2209,0.0126,1.8703,50.93,0.06,228.99,0.4655,1437.03,95.7,0.25,8.0,1.19
1.0876,1.3016,1.1967,0.0127,1.9639,50.93,0.0,231.4,0.4609,1437.7,95.7,0.27,4.0,1.18
1.0905,1.3042,1.1959,0.012,1.9032,50.93,0.0,232.68,0.4547,1436.25,99.61,0.25,2.0,1.19
1.0905,1.3129,1.2039,0.0123,1.9015,51.06,0.13,231.38,0.4355,1436.37,99.61,0.27,5.0,1.19
1.0963,1.3346,1.2174,0.0121,2.1399,51.12,0.06,228.29,0.4275,1436.29,95.7,0.24,7.0,1.2
1.0947,1.2947,1.1827,0.0125,2.1469,51.25,0.13,231.64,0.4646,1393.72,95.7,0.21,4.0,1.2
1.0964,1.3239,1.2074,0.0129,2.0064,51.25,0.0,233.49,0.4248,1436.55,95.7,0.24,6.0,1.2
1.0896,1.3317,1.2222,0.0122,1.8512,51.25,0.0,228.58,0.4341,1436.86,95.7,0.22,8.0,1.19
1.092,1.3161,1.2053,0.0133,2.1105,51.25,0.0,228.38,0.4707,1392.01,95.7,0.24,9.0,1.19
1.0885,1.31,1.2034,0.0124,1.845,51.25,0.0,230.89,0.5063,1435.92,95.7,0.23,8.0,1.18
1.0925,1.3339,1.221,0.0142,1.9559,51.25,0.0,233.02,0.452,1408.19,99.61,0.25,9.0,1.19
1.0941,1.3347,1.2199,0.0142,1.9225,51.25,0.0,231.87,0.4183,1434.94,95.7,0.24,6.0,1.2
1.0943,1.3493,1.233,0.0144,1.9638,51.25,0.0,228.12,0.4358,1435.24,95.7,0.23,7.0,1.2
1.0928,1.3642,1.2484,0.015,1.9274,51.25,0.0,228.05,0.431,1358.73,54.69,0.19,12.0,1.19
1.1028,1.3413,1.2162,0.0148,2.16,51.25,0.0,229.65,0.4281,1435.43,95.7,0.26,11.0,1.22
1.0999,1.3612,1.2375,0.0162,2.0055,51.31,0.06,233.38,0.4271,1401.25,95.7,0.22,11.0,1.21
1.0976,1.3693,1.2475,0.0162,1.831,51.31,0.0,232.1,0.4105,1435.33,95.7,0.25,12.0,1.2
1.0983,1.3782,1.2549,0.0176,1.814,51.31,0.0,230.17,0.4662,1437.07,101.56,0.22,15.0,1.21
1.0966,1.3722,1.2513,0.0181,1.8351,51.31,0.0,228.8,0.4549,1379.28,99.61,0.24,17.0,1.2
1.0972,1.3628,1.242,0.0167,1.8725,51.25,-0.06,228.04,0.4215,1436.03,95.7,0.22,15.0,1.2
1.0965,1.3612,1.2414,0.0168,1.8044,51.25,0.0,229.59,0.4329,1435.54,54.69,0.2,16.0,1.2
1.099,1.3769,1.2529,0.0178,1.8863,51.31,0.06,228.82,0.4353,1412.12,54.69,0.2,18.0,1.21
1.0946,1.3864,1.2666,0.0173,1.952,51.25,-0.06,230.43,0.4689,1435.55,99.61,0.23,15.0,1.2
1.0966,1.3753,1.2541,0.0187,1.7083,51.25,0.0,231.3,0.448,1391.87,99.61,0.25,19.0,1.2
1.1069,1.3725,1.2399,0.0189,1.8835,51.12,-0.13,231.32,0.4338,1433.65,99.61,0.22,18.0,1.23
1.0975,1.3823,1.2596,0.0186,1.8617,51.12,0.0,233.27,0.4392,1375.2,54.69,0.21,18.0,1.2
1.0998,1.3784,1.2534,0.0185,1.7895,51.06,-0.06,231.57,0.4549,1407.16,99.61,0.26,21.0,1.21
1.1066,1.3787,1.2459,0.0189,1.9273,51.0,-0.06,229.55,0.4403,1435.05,95.7,0.23,16.0,1.22
1.1075,1.4052,1.2688,0.0199,1.8324,51.0,0.0,228.2,0.4424,1434.11,95.7,0.24,22.0,1.23
1.1031,1.3727,1.2445,0.0182,1.8636,51.0,0.0,228.54,0.3982,1374.73,95.7,0.27,14.0,1.22
1.1061,1.3718,1.2402,0.0195,1.9546,51.06,0.06,227.78,0.439,1406.88,99.61,0.22,16.0,1.22
1.1026,1.3734,1.2456,0.0186,1.8058,50.93,-0.13,228.41,0.4563,1435.46,95.7,0.26,19.0,1.22
1.1116,1.4003,1.2598,0.0199,1.8762,50.93,0.0,233.24,0.4842,1434.44,99.61,0.22,19.0,1.24
1.1043,1.3753,1.2454,0.0181,1.8406,50.93,0.0,228.1,0.4096,1402.6,99.61,0.26,20.0,1.22
1.1041,1.3987,1.2669,0.0214,1.7837,50.93,0.0,229.95,0.4384,1435.81,99.61,0.25,23.0,1.22
1.1122,1.4205,1.2772,0.02,1.8682,50.93,0.0,231.16,0.4678,1435.97,99.61,0.24,19.0,1.24
1.1104,1.3988,1.2598,0.02,1.716,50.93,0.0,229.14,0.4468,1393.72,95.7,0.25,20.0,1.23
1.1125,1.4017,1.2599,0.0191,1.8025,51.0,0.07,234.12,0.4428,1371.68,95.7,0.28,18.0,1.24
1.1142,1.4045,1.2605,0.0211,1.9524,51.06,0.06,230.98,0.4609,1393.09,99.61,0.22,20.0,1.24
1.1106,1.4206,1.2792,0.0192,1.6252,51.18,0.12,229.19,0.4111,1436.03,54.69,0.22,22.0,1.23
1.1171,1.3938,1.2477,0.0209,1.8637,51.25,0.07,232.05,0.4583,1393.27,99.61,0.23,22.0,1.25
1.1119,1.4083,1.2665,0.0208,1.8896,51.25,0.0,229.38,0.4675,1435.99,54.69,0.2,20.0,1.24
1.1108,1.3999,1.2603,0.0204,1.8313,51.25,0.0,229.23,0.4107,1434.66,99.61,0.22,20.0,1.23
1.1124,1.4012,1.2596,0.0199,1.868,51.25,0.0,230.51,0.4566,1435.23,95.7,0.26,17.0,1.24
1.1106,1.4107,1.2702,0.0204,1.7644,51.25,0.0,233.81,0.446,1392.18,99.61,0.25,18.0,1.23
1.1159,1.3999,1.2545,0.0203,1.9479,51.18,-0.07,229.58,0.4583,1392.2,99.61,0.24,19.0,1.25
1.1126,1.3863,1.246,0.0217,1.9442,51.25,0.07,229.81,0.4669,1400.71,99.61,0.23,20.0,1.24
1.1135,1.3913,1.2495,0.02,1.8279,51.25,0.0,229.59,0.4364,1435.88,54.69,0.2,20.0,1.24
